name,datetime,temp,feelslike,dew,humidity,precip,precipprob,preciptype,snow,snowdepth,windgust,windspeed,winddir,sealevelpressure,cloudcover,visibility,solarradiation,solarenergy,uvindex,severerisk,conditions,icon,stations
"36.0831, 115.1482",2024-03-09T00:00:00,39.6,34.6,11.4,30.9,0,0,,0,0,9.6,7.2,155,1026,64,15,0,0,0,10,Partially cloudy,partly-cloudy-night,remote
"36.0831, 115.1482",2024-03-09T01:00:00,38.9,33.8,11.6,32.04,0,0,,0,0,11,7.2,157,1026,1.2,15,0,0,0,10,Clear,clear-night,remote
"36.0831, 115.1482",2024-03-09T02:00:00,34.8,30.8,16.1,45.94,0,0,,0,0,11.2,4.5,150,1026.2,0,8.7,0,0,0,10,Clear,clear-night,54808099999
"36.0831, 115.1482",2024-03-09T03:00:00,36.6,30.7,11.6,35.12,0,0,,0,0,13.4,7.6,161.9,1025,0,15,0,0,0,10,Clear,clear-night,remote
"36.0831, 115.1482",2024-03-09T04:00:00,35.9,29.8,11.6,36.13,0,0,,0,0,14.3,7.6,164.4,1025,0,15,0,0,0,10,Clear,clear-night,remote
"36.0831, 115.1482",2024-03-09T05:00:00,33.2,28.9,13.7,44.26,0,0,,0,0,8.9,4.5,130,1025.3,0,7.5,0,0,0,10,Clear,clear-night,54808099999
"36.0831, 115.1482",2024-03-09T06:00:00,34.6,28.5,11.7,38.29,0,0,,0,0,12.3,7.2,159.6,1025,0,15,0,0,0,10,Clear,clear-night,remote
"36.0831, 115.1482",2024-03-09T07:00:00,34.4,28,12.1,39.19,0,0,,0,0,13.9,7.6,168.3,1025,0,15,4,0,0,10,Clear,clear-day,remote
"36.0831, 115.1482",2024-03-09T08:00:00,37.1,31.9,17,43.55,0,0,,0,0,11.2,6.7,140,1026,0,11.2,124,0.4,1,10,Clear,clear-day,54808099999
"36.0831, 115.1482",2024-03-09T09:00:00,43.8,38.1,15,30.86,0,0,,0,0,17.2,10.7,177.4,1026,0,15,339,1.2,3,10,Clear,clear-day,remote
"36.0831, 115.1482",2024-03-09T10:00:00,48.5,43.6,16.2,27.32,0,0,,0,0,16.3,11.6,182,1025,0,15,538,1.9,5,10,Clear,clear-day,remote
"36.0831, 115.1482",2024-03-09T11:00:00,50.6,50.6,18.8,28.1,0,0,,0,0,20.1,11.2,170,1026.1,0,12.4,694,2.5,7,10,Clear,clear-day,54808099999
"36.0831, 115.1482",2024-03-09T12:00:00,55.1,55.1,19.3,24.38,0,0,,0,0,15.9,13.2,192.2,1025,0,15,792,2.9,8,10,Clear,clear-day,remote
"36.0831, 115.1482",2024-03-09T13:00:00,57.3,57.3,20.6,23.79,0,0,,0,0,14.8,12.8,192.7,1023,0,15,824,3,8,10,Clear,clear-day,remote
"36.0831, 115.1482",2024-03-09T14:00:00,57.5,57.5,22.7,25.89,0,0,,0,0,22.4,15.7,200,1023.3,0,13,788,2.8,8,10,Clear,clear-day,54808099999
"36.0831, 115.1482",2024-03-09T15:00:00,59.8,59.8,22.5,23.63,0,0,,0,0,15,12.8,196.5,1022,0,15,687,2.5,7,10,Clear,clear-day,remote
"36.0831, 115.1482",2024-03-09T16:00:00,59.8,59.8,23.3,24.36,0,0,,0,0,14.5,12.5,195.1,1021,0,15,529,1.9,5,10,Clear,clear-day,remote
"36.0831, 115.1482",2024-03-09T17:00:00,57.3,57.3,22.7,26.06,0,0,,0,0,24.6,13.4,180,1021.9,0,13,330,1.2,3,10,Clear,clear-day,54808099999
"36.0831, 115.1482",2024-03-09T18:00:00,54.8,54.8,27.2,34.43,0,0,,0,0,16.3,8.5,176.8,1022,0,15,119,0.4,1,10,Clear,clear-day,remote
"36.0831, 115.1482",2024-03-09T19:00:00,51,51,26.3,38.11,0,0,,0,0,21.5,9.4,174.3,1022,0,15,0,0,0,10,Clear,clear-night,remote
"36.0831, 115.1482",2024-03-09T20:00:00,48.8,45.9,25.1,39.19,0,0,,0,0,24.6,6.7,170,1023.1,0,9.3,0,0,0,10,Clear,clear-night,54808099999
"36.0831, 115.1482",2024-03-09T21:00:00,49.2,44.2,26.1,40.44,0,0,,0,0,29.8,12.8,180.1,1023,0.2,15,0,0,0,10,Clear,clear-night,remote
"36.0831, 115.1482",2024-03-09T22:00:00,48.3,43.1,26.3,42.14,0,0,,0,0,30.6,12.5,181.1,1023,0,15,0,0,0,10,Clear,clear-night,remote
"36.0831, 115.1482",2024-03-09T23:00:00,47.6,42.3,26.1,42.97,0,0,,0,0,30.9,12.3,180.7,1023,0,15,0,0,0,10,Clear,clear-night,remote
"36.0831, 115.1482",2024-03-10T00:00:00,46.3,41,26.3,45.4,0,0,,0,0,29.1,11.2,178.2,1023,0,15,0,0,0,10,Clear,clear-night,remote
"36.0831, 115.1482",2024-03-10T01:00:00,44.9,39.7,26.3,47.94,0,0,,0,0,26.4,10.1,172.5,1023,0,15,0,0,0,10,Clear,clear-night,remote
"36.0831, 115.1482",2024-03-10T02:00:00,42.5,37.2,26.3,52.43,0,0,,0,0,24.6,8.9,160,1023.6,0,9.9,0,0,0,10,Clear,clear-night,54808099999
"36.0831, 115.1482",2024-03-10T03:00:00,41.8,36.2,26.5,54.31,0,0,,0,0,25.3,9.2,176.5,1023,0,15,0,0,0,10,Clear,clear-night,remote
"36.0831, 115.1482",2024-03-10T04:00:00,41.3,35.5,26.9,56.28,0,0,,0,0,25.9,9.4,178.2,1023,0,15,0,0,0,10,Clear,clear-night,remote
"36.0831, 115.1482",2024-03-10T05:00:00,39.5,33.5,28.1,63.56,0,0,,0,0,17.9,8.9,150,1024.1,0,6.2,0,0,0,10,Clear,clear-night,54808099999
"36.0831, 115.1482",2024-03-10T06:00:00,39.8,33.5,27.2,60.4,0,0,,0,0,23.7,9.8,169,1024,0,15,0,0,0,10,Clear,clear-night,remote
"36.0831, 115.1482",2024-03-10T07:00:00,39.8,33.4,27.4,60.85,0,0,,0,0,23.9,10.1,165.9,1024,0.5,15,4,0,0,10,Clear,clear-day,remote
"36.0831, 115.1482",2024-03-10T08:00:00,42.5,36.3,30.5,62.12,0,0,,0,0,17.9,11.2,160,1024.2,5,3.7,124,0.4,1,10,Clear,clear-day,54808099999
"36.0831, 115.1482",2024-03-10T09:00:00,48.6,43.4,29.4,47.14,0,0,,0,0,20.1,13,175.5,1024,5,15,334,1.2,3,10,Clear,clear-day,remote
"36.0831, 115.1482",2024-03-10T10:00:00,53.7,53.7,30.6,41.18,0,0,,0,0,21.5,15,185.8,1024,100,15,529,1.9,5,10,Overcast,cloudy,remote
"36.0831, 115.1482",2024-03-10T11:00:00,55.7,55.7,32.3,40.91,0,0,,0,0,22.4,13.4,190,1024,100,5.6,609,2.2,6,10,Overcast,cloudy,54808099999
"36.0831, 115.1482",2024-03-10T12:00:00,60.3,60.3,32.6,35.09,0,0,,0,0,19.2,15,195.8,1023,100,15,662,2.4,7,10,Overcast,cloudy,remote
"36.0831, 115.1482",2024-03-10T13:00:00,61.1,61.1,32.8,34.45,0,0,,0,0,18.6,14.5,198.4,1022,100,15,489,1.8,5,10,Overcast,cloudy,remote
"36.0831, 115.1482",2024-03-10T14:00:00,62.7,62.7,33.2,33.01,0,0,,0,0,24.6,15.7,180,1020.7,100,5.6,450,1.6,5,10,Overcast,cloudy,54808099999
"36.0831, 115.1482",2024-03-10T15:00:00,64.1,64.1,33,31.16,0,0,,0,0,17.7,14.3,194,1020,100,15,460,1.7,5,10,Overcast,cloudy,remote
"36.0831, 115.1482",2024-03-10T16:00:00,63.9,63.9,33.3,31.81,0,0,,0,0,18.3,14.5,205.6,1019,100,15,331,1.2,3,10,Overcast,cloudy,remote
"36.0831, 115.1482",2024-03-10T17:00:00,62,62,34.1,35.1,0,0,,0,0,24.6,11.2,180,1019.1,100,6.2,181,0.7,2,10,Overcast,cloudy,54808099999
"36.0831, 115.1482",2024-03-10T18:00:00,59.6,59.6,34.6,38.96,0,0,,0,0,22.6,11,199.1,1020,100,15,65,0.2,1,10,Overcast,cloudy,remote
"36.0831, 115.1482",2024-03-10T19:00:00,56.4,56.4,34.8,44.09,0,0,,0,0,21.7,8.1,189.9,1020,100,15,0,0,0,10,Overcast,cloudy,remote
"36.0831, 115.1482",2024-03-10T20:00:00,56,56,33.5,42.47,0,0,,0,0,24.6,11.2,170,1020.3,100,5,0,0,0,10,Overcast,cloudy,54808099999
"36.0831, 115.1482",2024-03-10T21:00:00,55.7,55.7,35,45.57,0,0,,0,0,26.4,10.3,189.3,1019,100,15,0,0,0,10,Overcast,cloudy,remote
"36.0831, 115.1482",2024-03-10T22:00:00,55.5,55.5,35.3,46.53,0,0,,0,0,27.3,11.2,194.4,1019,100,15,0,0,0,10,Overcast,cloudy,remote
"36.0831, 115.1482",2024-03-10T23:00:00,54.9,54.9,35.5,47.8,0,0,,0,0,25.7,10.7,197.5,1019,100,15,0,0,0,10,Overcast,cloudy,remote
"36.0831, 115.1482",2024-03-11T00:00:00,53.1,53.1,35.7,51.41,0,0,,0,0,21.7,8.5,203.5,1018,89.5,15,0,0,0,10,Partially cloudy,partly-cloudy-night,remote
"36.0831, 115.1482",2024-03-11T01:00:00,50.4,50.4,35.1,55.59,0,0,,0,0,19.2,7.6,209.7,1018,100,15,0,0,0,10,Overcast,cloudy,remote
"36.0831, 115.1482",2024-03-11T02:00:00,50.6,50.6,36.6,58.46,0,0,,0,0,24.6,4.5,140,1017.8,5,3.7,0,0,0,10,Clear,clear-night,54808099999
"36.0831, 115.1482",2024-03-11T03:00:00,47,44.4,34.1,60.51,0,0,,0,0,5.6,5.6,244.2,1017,1.2,15,0,0,0,10,Clear,clear-night,remote
"36.0831, 115.1482",2024-03-11T04:00:00,47,44.5,33.2,58.37,0,0,,0,0,5.4,5.4,256.6,1016,0,15,0,0,0,10,Clear,clear-night,remote
"36.0831, 115.1482",2024-03-11T05:00:00,43.4,40.9,35.7,73.98,0,0,,0,0,17.9,4.5,130,1016.4,0,2.5,0,0,0,10,Clear,clear-night,54808099999
"36.0831, 115.1482",2024-03-11T06:00:00,46.7,43.3,30.5,53.06,0,0,,0,0,6.7,6.7,261.6,1017,0,15,0,0,0,10,Clear,clear-night,remote
"36.0831, 115.1482",2024-03-11T07:00:00,46.8,43.7,28.7,48.98,0,0,,0,0,6.5,6.5,254.7,1017,0,15,5,0,0,10,Clear,clear-day,remote
"36.0831, 115.1482",2024-03-11T08:00:00,45.6,43.4,37.7,73.67,0,0,,0,0,17.9,4.5,150,1016.8,3.3,1.9,130,0.5,1,10,Clear,clear-day,54808099999
"36.0831, 115.1482",2024-03-11T09:00:00,56.7,56.7,28.5,33.75,0.004,100,rain,0,0,13.9,8.5,276.1,1017,51.3,13.7,340,1.2,3,10,"Rain, Partially cloudy",rain,remote
"36.0831, 115.1482",2024-03-11T10:00:00,61.1,61.1,27.9,28.28,0,0,,0,0,15.2,8.9,281.4,1017,5,15,522,1.9,5,10,Clear,clear-day,remote
"36.0831, 115.1482",2024-03-11T11:00:00,61.1,61.1,35.9,38.92,0,0,,0,0,15.7,6.7,320,1016.9,75.7,6.2,684,2.5,7,10,Partially cloudy,partly-cloudy-day,54808099999
"36.0831, 115.1482",2024-03-11T12:00:00,67.4,67.4,27.8,22.53,0,0,,0,0,18.8,10.7,306.1,1016,100,15,744,2.7,7,10,Overcast,cloudy,remote
"36.0831, 115.1482",2024-03-11T13:00:00,68.4,68.4,26,20.15,0,0,,0,0,22.4,12.3,335,1015,6,15,755,2.7,8,10,Clear,clear-day,remote
"36.0831, 115.1482",2024-03-11T14:00:00,66.8,66.8,24.5,20.07,0,0,,0,0,24.6,11.2,20,1014.9,98.5,11.8,780,2.8,8,10,Overcast,cloudy,54808099999
"36.0831, 115.1482",2024-03-11T15:00:00,68.3,68.3,23.4,18.26,0,0,,0,0,19.9,11.9,356,1014,90.5,15,584,2.1,6,10,Overcast,cloudy,remote
"36.0831, 115.1482",2024-03-11T16:00:00,67.4,67.4,23.1,18.55,0,0,,0,0,15.4,12.1,10.2,1014,83.9,15,441,1.6,4,10,Partially cloudy,partly-cloudy-day,remote
"36.0831, 115.1482",2024-03-11T17:00:00,65.6,65.6,22.2,19.01,0,0,,0,0,24.6,8.9,30,1015,66,13.7,303,1.1,3,10,Partially cloudy,partly-cloudy-day,54808099999
"36.0831, 115.1482",2024-03-11T18:00:00,61.8,61.8,22.7,22.2,0,0,,0,0,19.9,10.5,14.5,1015,70.4,15,112,0.4,1,10,Partially cloudy,partly-cloudy-day,remote
"36.0831, 115.1482",2024-03-11T19:00:00,57.1,57.1,22.7,26.23,0,0,,0,0,19.5,8.1,19.9,1016,94.6,15,0,0,0,10,Overcast,cloudy,remote
"36.0831, 115.1482",2024-03-11T20:00:00,58.4,58.4,22.7,25.07,0,0,,0,0,24.6,6.7,60,1017.7,49.7,9.9,0,0,0,10,Partially cloudy,partly-cloudy-night,54808099999
"36.0831, 115.1482",2024-03-11T21:00:00,53.7,53.7,24.2,31.54,0,0,,0,0,22.4,8.1,17.7,1018,53.7,15,0,0,0,10,Partially cloudy,partly-cloudy-night,remote
"36.0831, 115.1482",2024-03-11T22:00:00,52.6,52.6,22.5,30.66,0,0,,0,0,21.7,10.1,35.1,1019,100,15,0,0,0,10,Overcast,cloudy,remote
"36.0831, 115.1482",2024-03-11T23:00:00,49.7,46.2,27.8,42.38,0,0,,0,0,20.6,8.5,41.6,1020,86.4,15,0,0,0,10,Partially cloudy,partly-cloudy-night,remote
"36.0831, 115.1482",2024-03-12T00:00:00,47.4,43.6,29.7,50.15,0,0,,0,0,20.8,8.1,30.7,1021,5,15,0,0,0,10,Clear,clear-night,remote
"36.0831, 115.1482",2024-03-12T01:00:00,45.4,41.8,29.2,52.87,0,0,,0,0,17.4,6.7,33.7,1021,2.4,15,0,0,0,10,Clear,clear-night,remote
"36.0831, 115.1482",2024-03-12T02:00:00,44.5,39.9,27.8,51.58,0,0,,0,0,20.1,8.5,19.9,1022,5,15,0,0,0,10,Clear,clear-night,remote
"36.0831, 115.1482",2024-03-12T03:00:00,43.2,38.3,26.5,51.38,0,0,,0,0,20.1,8.5,18,1023,4.4,15,0,0,0,10,Clear,clear-night,remote
"36.0831, 115.1482",2024-03-12T04:00:00,41.6,36.5,25.1,51.51,0,0,,0,0,17.2,8.1,8.8,1023,0,15,0,0,0,10,Clear,clear-night,remote
"36.0831, 115.1482",2024-03-12T05:00:00,40.7,34.6,23.4,49.85,0,0,,0,0,20.1,9.8,8.4,1024,0,15,0,0,0,10,Clear,clear-night,remote
"36.0831, 115.1482",2024-03-12T06:00:00,39.6,33.5,22.2,49.3,0,0,,0,0,19.7,9.4,13,1025,0,15,0,0,0,10,Clear,clear-night,remote
"36.0831, 115.1482",2024-03-12T07:00:00,39.1,33.5,22.2,50.35,0,0,,0,0,18.8,8.1,19.3,1026,0,15,6,0,0,10,Clear,clear-day,remote
"36.0831, 115.1482",2024-03-12T08:00:00,43.1,37.4,23.8,46.24,0,0,,0,0,19,10.1,35.6,1027,0,15,135,0.5,1,10,Clear,clear-day,remote
"36.0831, 115.1482",2024-03-12T09:00:00,47.6,42.9,24.2,39.58,0,0,,0,0,14.5,10.3,41.5,1028,0,15,348,1.3,3,10,Clear,clear-day,remote
"36.0831, 115.1482",2024-03-12T10:00:00,51.3,51.3,23.1,32.86,0,0,,0,0,11.9,9.2,39.3,1028,0,15,545,2,5,10,Clear,clear-day,remote
"36.0831, 115.1482",2024-03-12T11:00:00,54.4,54.4,22.5,28.71,0,0,,0,0,10.5,8.9,44,1028,0,15,702,2.5,7,10,Clear,clear-day,remote
"36.0831, 115.1482",2024-03-12T12:00:00,56.6,56.6,23.1,27.15,0,0,,0,0,8.1,7.8,38.6,1027,0,15,803,2.9,8,10,Clear,clear-day,remote
"36.0831, 115.1482",2024-03-12T13:00:00,57.6,57.6,22.9,25.92,0,0,,0,0,6,6.5,35,1026,0,15,836,3,8,10,Clear,clear-day,remote
"36.0831, 115.1482",2024-03-12T14:00:00,58.7,58.7,22.9,24.94,0,0,,0,0,3.8,4,43.5,1025,0,15,801,2.9,8,10,Clear,clear-day,remote
"36.0831, 115.1482",2024-03-12T15:00:00,58.9,58.9,22,23.85,0,0,,0,0,3.8,4.5,54.2,1024,0,15,700,2.5,7,10,Clear,clear-day,remote
"36.0831, 115.1482",2024-03-12T16:00:00,58.7,58.7,21.1,23.11,0,0,,0,0,3.4,4.9,71.7,1023,0,15,544,2,5,10,Clear,clear-day,remote
"36.0831, 115.1482",2024-03-12T17:00:00,58.2,58.2,20.9,23.38,0,0,,0,0,3.4,3.4,134.8,1023,0.1,15,346,1.2,3,10,Clear,clear-day,remote
"36.0831, 115.1482",2024-03-12T18:00:00,54.9,54.9,24.2,30.13,0,0,,0,0,3.6,3.8,147.3,1024,64,15,131,0.5,1,10,Partially cloudy,partly-cloudy-day,remote
"36.0831, 115.1482",2024-03-12T19:00:00,52.1,52.1,21.6,30.11,0,0,,0,0,5.6,5.8,125,1023,99,15,0,0,0,10,Overcast,cloudy,remote
"36.0831, 115.1482",2024-03-12T20:00:00,50.6,50.6,20.9,30.81,0,0,,0,0,7.4,6.9,141.5,1023,100,15,0,0,0,10,Overcast,cloudy,remote
"36.0831, 115.1482",2024-03-12T21:00:00,49.5,46.5,20.7,31.82,0,0,,0,0,11,7.4,154.5,1023,100,15,0,0,0,10,Overcast,cloudy,remote
"36.0831, 115.1482",2024-03-12T22:00:00,48.6,45.4,20.2,32.16,0,0,,0,0,11.6,7.4,165.1,1023,100,15,0,0,0,10,Overcast,cloudy,remote
"36.0831, 115.1482",2024-03-12T23:00:00,47.9,44.3,19.8,32.54,0,0,,0,0,15.9,7.8,171.4,1023,100,15,0,0,0,10,Overcast,cloudy,remote
"36.0831, 115.1482",2024-03-13T00:00:00,47.4,43.6,20.2,33.72,0,0,,0,0,19.5,8.1,185.5,1023,100,15,0,0,0,10,Overcast,cloudy,remote
"36.0831, 115.1482",2024-03-13T01:00:00,47,43.1,20.9,35.24,0,0,,0,0,21,8.1,185.7,1022,100,15,0,0,0,10,Overcast,cloudy,remote
"36.0831, 115.1482",2024-03-13T02:00:00,46.8,42.9,21.6,36.58,0,0,,0,0,22.8,8.1,191,1022,100,15,0,0,0,10,Overcast,cloudy,remote
"36.0831, 115.1482",2024-03-13T03:00:00,46.3,42.1,22.4,38.48,0,0,,0,0,23.7,8.5,194,1021,100,15,0,0,0,10,Overcast,cloudy,remote
"36.0831, 115.1482",2024-03-13T04:00:00,45.9,41.2,22.9,39.91,0,0,,0,0,25.9,9.4,192.1,1020,100,15,0,0,0,10,Overcast,cloudy,remote
"36.0831, 115.1482",2024-03-13T05:00:00,45.6,40.6,23.3,41.07,0,0,,0,0,27.1,9.8,190.5,1020,100,15,0,0,0,10,Overcast,cloudy,remote
"36.0831, 115.1482",2024-03-13T06:00:00,45,40,24.5,44.19,0,0,,0,0,26.6,9.8,192.1,1020,100,15,0,0,0,10,Overcast,cloudy,remote
"36.0831, 115.1482",2024-03-13T07:00:00,45,40.1,26.9,48.69,0,0,,0,0,26.4,9.4,192,1020,100,15,6,0,0,10,Overcast,cloudy,remote
"36.0831, 115.1482",2024-03-13T08:00:00,47.9,43.2,29.4,48.43,0,0,,0,0,27.3,10.7,193.4,1020,100,15,88,0.3,1,10,Overcast,cloudy,remote
"36.0831, 115.1482",2024-03-13T09:00:00,52.6,52.6,30.5,42.54,0,0,,0,0,26.2,13.4,204.7,1020,100,15,260,0.9,3,10,Overcast,cloudy,remote
"36.0831, 115.1482",2024-03-13T10:00:00,56.2,56.2,30.5,37.3,0,0,,0,0,22.8,14.1,208.2,1020,100,15,403,1.5,4,10,Overcast,cloudy,remote
"36.0831, 115.1482",2024-03-13T11:00:00,58.4,58.4,30.6,34.76,0,0,,0,0,18.6,14.1,210.7,1020,100,15,470,1.7,5,10,Overcast,cloudy,remote
"36.0831, 115.1482",2024-03-13T12:00:00,60,60,31,33.29,0,0,,0,0,14.1,11.4,216.2,1020,100,15,484,1.7,5,10,Overcast,cloudy,remote
"36.0831, 115.1482",2024-03-13T13:00:00,62.5,62.5,31.4,30.9,0,0,,0,0,11.9,10.5,215.7,1018,100,15,604,2.2,6,10,Overcast,cloudy,remote
"36.0831, 115.1482",2024-03-13T14:00:00,63.1,63.1,31,29.88,0,0,,0,0,9.8,8.7,216,1017,100,15,459,1.7,5,10,Overcast,cloudy,remote
"36.0831, 115.1482",2024-03-13T15:00:00,63.8,63.8,31,29.13,0,0,,0,0,9.2,8.9,213.2,1017,100,15,468,1.7,5,10,Overcast,cloudy,remote
"36.0831, 115.1482",2024-03-13T16:00:00,63.1,63.1,31.5,30.54,0,0,,0,0,9.6,9.4,211.2,1017,100,15,356,1.3,4,10,Overcast,cloudy,remote
"36.0831, 115.1482",2024-03-13T17:00:00,61.8,61.8,33.2,34.07,0,0,,0,0,8.7,6.5,204.9,1017,100,15,188,0.7,2,10,Overcast,cloudy,remote
"36.0831, 115.1482",2024-03-13T18:00:00,58.9,58.9,34.1,39.13,0,0,,0,0,4.5,4.5,203,1017,100,15,63,0.2,1,10,Overcast,cloudy,remote
"36.0831, 115.1482",2024-03-13T19:00:00,56.6,56.6,32.4,39.89,0,0,,0,0,4.7,4.7,190.8,1018,99.5,15,0,0,0,10,Overcast,cloudy,remote
"36.0831, 115.1482",2024-03-13T20:00:00,55.1,55.1,32.4,42.02,0,0,,0,0,5.1,5.1,174.7,1018,100,15,0,0,0,10,Overcast,cloudy,remote
"36.0831, 115.1482",2024-03-13T21:00:00,55.1,55.1,32.8,42.63,0,0,,0,0,7.6,6.3,173.8,1019,100,15,0,0,0,10,Overcast,cloudy,remote
"36.0831, 115.1482",2024-03-13T22:00:00,54.4,54.4,33.7,45.37,0,0,,0,0,7.8,6,176.7,1019,100,15,0,0,0,10,Overcast,cloudy,remote
"36.0831, 115.1482",2024-03-13T23:00:00,53.7,53.7,35,48.98,0,0,,0,0,12.1,6.7,186.9,1019,100,15,0,0,0,10,Overcast,cloudy,remote
"36.0831, 115.1482",2024-03-14T00:00:00,52.8,52.8,36,52.84,0,0,,0,0,12.3,6.7,196,1019,79.1,15,0,0,0,10,Partially cloudy,partly-cloudy-night,remote
"36.0831, 115.1482",2024-03-14T01:00:00,50.4,50.4,36.2,58.02,0,0,,0,0,6.3,6,205.4,1019,76.9,15,0,0,0,10,Partially cloudy,partly-cloudy-night,remote
"36.0831, 115.1482",2024-03-14T02:00:00,49.2,47.3,35.9,59.94,0,0,,0,0,4.9,4.9,198,1019,21.4,15,0,0,0,10,Partially cloudy,partly-cloudy-night,remote
"36.0831, 115.1482",2024-03-14T03:00:00,48.1,46.5,35.5,61.53,0,0,,0,0,4.3,4.3,191,1018,5,15,0,0,0,10,Clear,clear-night,remote
"36.0831, 115.1482",2024-03-14T04:00:00,47.4,45.4,35.3,62.76,0,0,,0,0,4.7,4.7,175,1018,5,15,0,0,0,10,Clear,clear-night,remote
"36.0831, 115.1482",2024-03-14T05:00:00,46.7,44.4,35.5,64.95,0,0,,0,0,4.9,4.9,170.5,1019,1,15,0,0,0,10,Clear,clear-night,remote
"36.0831, 115.1482",2024-03-14T06:00:00,45.9,43.2,35.5,66.74,0,0,,0,0,5.4,5.4,171.1,1019,0,15,0,0,0,10,Clear,clear-night,remote
"36.0831, 115.1482",2024-03-14T07:00:00,45.8,43,36.4,69.63,0,0,,0,0,5.4,5.4,172.4,1020,0,15,8,0,0,10,Clear,clear-day,remote
"36.0831, 115.1482",2024-03-14T08:00:00,50.6,50.6,38.4,62.74,0,0,,0,0,8.9,5.1,188.9,1021,0,15,143,0.5,1,10,Clear,clear-day,remote
"36.0831, 115.1482",2024-03-14T09:00:00,55.8,55.8,42.2,60,0,0,,0,0,8.3,6,204.9,1022,0,15,351,1.3,4,10,Clear,clear-day,remote
"36.0831, 115.1482",2024-03-14T10:00:00,60,60,43.4,54.28,0,0,,0,0,7.4,6.5,207,1022,0,15,546,2,5,10,Clear,clear-day,remote
"36.0831, 115.1482",2024-03-14T11:00:00,63.6,63.6,42.9,46.82,0,0,,0,0,7.4,7.2,200.8,1021,0,15,699,2.5,7,10,Clear,clear-day,remote
"36.0831, 115.1482",2024-03-14T12:00:00,66.5,66.5,39.8,37.63,0,0,,0,0,6.3,6.7,200.5,1021,0,15,797,2.9,8,10,Clear,clear-day,remote
"36.0831, 115.1482",2024-03-14T13:00:00,68.6,68.6,35.9,29.9,0,0,,0,0,7.2,7.2,196.2,1020,0,15,831,3,8,10,Clear,clear-day,remote
"36.0831, 115.1482",2024-03-14T14:00:00,70.1,70.1,33.2,25.56,0,0,,0,0,6.7,7.6,198,1019,0,15,796,2.9,8,10,Clear,clear-day,remote
"36.0831, 115.1482",2024-03-14T15:00:00,70.2,70.2,31.5,23.81,0,0,,0,0,6,7.2,196,1018,0,15,696,2.5,7,10,Clear,clear-day,remote
"36.0831, 115.1482",2024-03-14T16:00:00,69.9,69.9,30.5,23.07,0,0,,0,0,6,6.7,192.8,1018,0.1,15,540,1.9,5,10,Clear,clear-day,remote
"36.0831, 115.1482",2024-03-14T17:00:00,68.6,68.6,31,24.62,0,0,,0,0,8.1,8.1,187.9,1017,0,15,343,1.2,3,10,Clear,clear-day,remote
"36.0831, 115.1482",2024-03-14T18:00:00,64.1,64.1,34.2,32.77,0,0,,0,0,10.5,7.2,179,1017,0,15,132,0.5,1,10,Clear,clear-day,remote
"36.0831, 115.1482",2024-03-14T19:00:00,60,60,34.1,37.65,0,0,,0,0,15,8.1,171.4,1018,0,15,0,0,0,10,Clear,clear-night,remote
"36.0831, 115.1482",2024-03-14T20:00:00,59.1,59.1,42.5,54.15,0,0,,0,0,17.9,6.7,170,1019.1,0,6.8,0,0,0,10,Clear,clear-night,54808099999
"36.0831, 115.1482",2024-03-14T21:00:00,56.9,56.9,36,45.45,0,0,,0,0,27.5,11.4,178.5,1019,0,15,0,0,0,10,Clear,clear-night,remote
"36.0831, 115.1482",2024-03-14T22:00:00,55.8,55.8,37.7,50.37,0,0,,0,0,28.9,12.1,181.4,1020,0,15,0,0,0,10,Clear,clear-night,remote
"36.0831, 115.1482",2024-03-14T23:00:00,54.6,54.6,39.5,56.58,0,0,,0,0,29.5,12.8,183.8,1020,0,15,0,0,0,10,Clear,clear-night,remote
"36.0831, 115.1482",2024-03-15T00:00:00,53.3,53.3,40.7,62.22,0,0,,0,0,29.5,12.8,184.4,1020,0,15,0,0,0,10,Clear,clear-night,remote
"36.0831, 115.1482",2024-03-15T01:00:00,51.7,51.7,41.3,67.43,0,0,,0,0,28,11.9,187.1,1021,0,15,0,0,0,10,Clear,clear-night,remote
"36.0831, 115.1482",2024-03-15T02:00:00,48.5,45.5,43.4,82.64,0,0,,0,0,17.9,6.7,190,1021.3,0,3.1,0,0,0,10,Clear,clear-night,54808099999
"36.0831, 115.1482",2024-03-15T03:00:00,48.3,44.4,41.8,78.18,0,0,,0,0,23.7,8.7,190.2,1020,0,15,0,0,0,10,Clear,clear-night,remote
"36.0831, 115.1482",2024-03-15T04:00:00,47.2,43.1,42,81.98,0,0,,0,0,23.5,8.7,195.7,1020,0,15,0,0,0,10,Clear,clear-night,remote
"36.0831, 115.1482",2024-03-15T05:00:00,46.3,42,41.8,84.22,0,0,,0,0,23.3,8.7,192,1021,0.2,15,0,0,0,10,Clear,clear-night,remote
"36.0831, 115.1482",2024-03-15T06:00:00,45.2,40.8,41.1,85.33,0,0,,0,0,20.4,8.3,186,1021,0,15,0,0,0,10,Clear,clear-night,remote
"36.0831, 115.1482",2024-03-15T07:00:00,45.2,40.9,40.5,83.57,0,0,,0,0,19,8.1,180.6,1021,0.6,15,9,0,0,10,Clear,clear-day,remote
"36.0831, 115.1482",2024-03-15T08:00:00,47,43.8,43.8,88.44,0,0,,0,0,15.7,6.7,170,1022,0,2.5,150,0.5,2,10,Clear,clear-day,54808099999
"36.0831, 115.1482",2024-03-15T09:00:00,54.8,54.8,38.2,53.51,0,0,,0,0,15.9,10.5,182.1,1022,0,15,364,1.3,4,10,Clear,clear-day,remote
"36.0831, 115.1482",2024-03-15T10:00:00,59.1,59.1,36.9,43.58,0,0,,0,0,15,11.4,180.8,1022,0,15,562,2,6,10,Clear,clear-day,remote
"36.0831, 115.1482",2024-03-15T11:00:00,60.9,60.9,41.1,48.04,0,0,,0,0,24.6,13.4,190,1022.1,0,7.5,717,2.6,7,10,Clear,clear-day,54808099999
"36.0831, 115.1482",2024-03-15T12:00:00,65.2,65.2,32.6,29.58,0,0,,0,0,14.1,12.1,177.8,1021,0,15,816,2.9,8,10,Clear,clear-day,remote
"36.0831, 115.1482",2024-03-15T13:00:00,67.2,67.2,30.6,25.49,0,0,,0,0,14.3,12.5,175.3,1020,2.8,15,849,3.1,8,10,Clear,clear-day,remote
"36.0831, 115.1482",2024-03-15T14:00:00,64.7,64.7,37.1,36.04,0,0,,0,0,24.6,13.4,200,1019.8,5,8.7,813,2.9,8,10,Clear,clear-day,54808099999
"36.0831, 115.1482",2024-03-15T15:00:00,68.6,68.6,27.8,21.57,0,0,,0,0,14.3,12.3,177.3,1018,78.8,15,713,2.6,7,10,Partially cloudy,partly-cloudy-day,remote
"36.0831, 115.1482",2024-03-15T16:00:00,68.3,68.3,27.6,21.68,0,0,,0,0,14.5,12.5,174.7,1018,100,15,541,1.9,5,10,Overcast,cloudy,remote
"36.0831, 115.1482",2024-03-15T17:00:00,64.1,64.1,35.9,34.95,0,0,,0,0,24.6,11.2,180,1018.6,100,8.7,317,1.1,3,10,Overcast,cloudy,54808099999
"36.0831, 115.1482",2024-03-15T18:00:00,62.9,62.9,30.8,29.85,0,0,,0,0,17.9,9.6,165.8,1018,100,15,101,0.4,1,10,Overcast,cloudy,remote
"36.0831, 115.1482",2024-03-15T19:00:00,58.6,58.6,31,35.05,0,0,,0,0,19.7,8.3,168.5,1019,100,15,0,0,0,10,Overcast,cloudy,remote
"36.0831, 115.1482",2024-03-15T20:00:00,54.8,54.8,36.8,50.57,0,0,,0,0,24.6,4.5,140,1019.4,4.6,6.8,0,0,0,10,Clear,clear-night,54808099999
"36.0831, 115.1482",2024-03-15T21:00:00,54.6,54.6,34.2,46.06,0,0,,0,0,24.6,9.4,167.9,1019,21.6,15,0,0,0,10,Partially cloudy,partly-cloudy-night,remote
"36.0831, 115.1482",2024-03-15T22:00:00,54.2,54.2,35.9,49.77,0,0,,0,0,25.3,9.6,170.8,1019,100,15,0,0,0,10,Overcast,cloudy,remote
"36.0831, 115.1482",2024-03-15T23:00:00,54.6,54.6,37.1,51.63,0,0,,0,0,24.6,9.4,172.3,1019,100,15,0,0,0,10,Overcast,cloudy,remote
"36.0831, 115.1482",2024-03-16T00:00:00,54.9,54.9,38.2,53.16,0,0,,0,0,24.6,9.4,168.5,1019,100,15,0,0,0,10,Overcast,cloudy,remote
"36.0831, 115.1482",2024-03-16T01:00:00,54.9,54.9,39.5,55.84,0,0,,0,0,23.5,9.4,169.3,1019,100,15,0,0,0,10,Overcast,cloudy,remote
"36.0831, 115.1482",2024-03-16T02:00:00,54.8,54.8,40.4,58.21,0,0,,0,0,20.1,4.5,170,1019.5,100,6.2,0,0,0,10,Overcast,cloudy,54808099999
"36.0831, 115.1482",2024-03-16T03:00:00,54.4,54.4,40.7,59.81,0,0,,0,0,21.9,9.6,173.2,1018,59.8,15,0,0,0,10,Partially cloudy,partly-cloudy-night,remote
"36.0831, 115.1482",2024-03-16T04:00:00,53,53,41.4,64.82,0,0,,0,0,20.8,9.4,178.6,1017,100,15,0,0,0,10,Overcast,cloudy,remote
"36.0831, 115.1482",2024-03-16T05:00:00,53.3,53.3,42,65.32,0,0,,0,0,17.9,8.9,160,1017.3,100,6.8,0,0,0,10,Overcast,cloudy,54808099999
"36.0831, 115.1482",2024-03-16T06:00:00,53.3,53.3,43.1,68.09,0,0,,0,0,19,8.3,182.3,1017,71.2,15,0,0,0,10,Partially cloudy,partly-cloudy-night,remote
"36.0831, 115.1482",2024-03-16T07:00:00,52.4,52.4,44,72.84,0,0,,0,0,19.2,8.7,180.4,1018,37.1,15,7,0,0,10,Partially cloudy,partly-cloudy-day,remote
"36.0831, 115.1482",2024-03-16T08:00:00,53,53,44.3,72.39,0,0,,0,0,13.4,6.7,160,1018.2,25.3,3.1,135,0.5,1,10,Partially cloudy,partly-cloudy-day,54808099999
"36.0831, 115.1482",2024-03-16T09:00:00,59.1,59.1,45.6,60.85,0,0,,0,0,14.8,10.3,208.2,1018,8.1,15,346,1.2,3,10,Clear,clear-day,remote
"36.0831, 115.1482",2024-03-16T10:00:00,63.1,63.1,45.4,52.53,0,0,,0,0,11.4,9.6,213.7,1018,5,15,537,1.9,5,10,Clear,clear-day,remote
"36.0831, 115.1482",2024-03-16T11:00:00,62.9,62.9,47.4,56.96,0,0,,0,0,17.9,11.2,210,1018.1,95.1,3.1,689,2.5,7,10,Overcast,cloudy,54808099999
"36.0831, 115.1482",2024-03-16T12:00:00,69.2,69.2,44.3,40.77,0,0,,0,0,7.6,7.2,247.7,1017,17.5,15,741,2.7,7,10,Clear,clear-day,remote
"36.0831, 115.1482",2024-03-16T13:00:00,71.3,71.3,43.2,36.35,0,0,,0,0,9.6,6.7,294.2,1017,90.1,15,809,2.9,8,10,Overcast,cloudy,remote
"36.0831, 115.1482",2024-03-16T14:00:00,70.4,70.4,46.5,42.39,0,0,,0,0,17.9,4.5,310,1016.3,100,5,759,2.7,8,10,Overcast,cloudy,54808099999
"36.0831, 115.1482",2024-03-16T15:00:00,72.6,72.6,42.3,33.65,0,0,,0,0,11.9,10.3,339.6,1016,67.8,15,564,2,6,10,Partially cloudy,partly-cloudy-day,remote
"36.0831, 115.1482",2024-03-16T16:00:00,72.6,72.6,41.3,32.28,0,0,,0,0,13,9.2,346.2,1016,22.3,15,500,1.8,5,10,Partially cloudy,partly-cloudy-day,remote
"36.0831, 115.1482",2024-03-16T17:00:00,68.3,68.3,43.1,40.08,0,0,,0,0,17.9,8.9,40,1016.3,5,5.6,332,1.2,3,10,Clear,clear-day,54808099999
"36.0831, 115.1482",2024-03-16T18:00:00,67.6,67.6,37.1,32.62,0,0,,0,0,23.9,13.6,15.9,1017,11.6,15,130,0.5,1,10,Clear,clear-day,remote
"36.0831, 115.1482",2024-03-16T19:00:00,64.1,64.1,33.2,31.38,0,0,,0,0,24.4,10.5,27.1,1018,99.9,15,0,0,0,10,Overcast,cloudy,remote
"36.0831, 115.1482",2024-03-16T20:00:00,61.4,61.4,44.3,53.38,0,0,,0,0,17.9,2.2,20,1018.5,86.9,4.3,0,0,0,10,Partially cloudy,partly-cloudy-night,54808099999
"36.0831, 115.1482",2024-03-16T21:00:00,62,62,35.3,36.9,0,0,,0,0,20.4,7.2,22.9,1020,100,15,0,0,0,10,Overcast,cloudy,remote
"36.0831, 115.1482",2024-03-16T22:00:00,61.6,61.6,36.2,38.73,0,0,,0,0,23,7.6,25.3,1021,100,15,0,0,0,10,Overcast,cloudy,remote
"36.0831, 115.1482",2024-03-16T23:00:00,61.6,61.6,36.2,38.73,0,0,,0,0,23.5,8.9,19.4,1021,100,15,0,0,0,10,Overcast,cloudy,remote
"36.0831, 115.1482",2024-03-17T00:00:00,61.2,61.2,33.9,35.74,0,0,,0,0,31.1,15.7,24.7,1023,100,15,0,0,0,10,Overcast,cloudy,remote
"36.0831, 115.1482",2024-03-17T01:00:00,60.5,60.5,14.3,16.15,0,0,,0,0,31.5,16.6,43.6,1023,100,15,0,0,0,10,Overcast,cloudy,remote
"36.0831, 115.1482",2024-03-17T02:00:00,59.1,59.1,38.9,47.1,0,0,,0,0,20.1,13.4,30,1024,100,4.3,0,0,0,10,Overcast,cloudy,54808099999
"36.0831, 115.1482",2024-03-17T03:00:00,57.1,57.1,14.8,18.68,0,0,,0,0,30.6,17.4,45.8,1024,100,15,0,0,0,10,Overcast,cloudy,remote
"36.0831, 115.1482",2024-03-17T04:00:00,55.3,55.3,11.2,17.02,0,0,,0,0,31.5,18.1,43.7,1025,100,15,0,0,0,10,Overcast,cloudy,remote
"36.0831, 115.1482",2024-03-17T05:00:00,53.9,53.9,13.7,20.04,0,0,,0,0,26.8,17.9,60,1025.5,100,6.8,0,0,0,10,Overcast,cloudy,54808099999
"36.0831, 115.1482",2024-03-17T06:00:00,52.1,52.1,9.4,17.68,0,0,,0,0,31.3,17.4,37.8,1027,100,15,0,0,0,10,Overcast,cloudy,remote
"36.0831, 115.1482",2024-03-17T07:00:00,49.7,44.2,12.1,21.74,0,0,,0,0,30.6,15.2,36.2,1027,100,15,10,0,0,10,Overcast,cloudy,remote
"36.0831, 115.1482",2024-03-17T08:00:00,50.1,50.1,14.6,23.96,0,0,,0,0,31.3,11.2,30,1028.5,100,9.9,95,0.3,1,10,Overcast,cloudy,54808099999
"36.0831, 115.1482",2024-03-17T09:00:00,51.9,51.9,12.8,20.72,0,0,,0,0,21.9,15.7,31.7,1029,100,15,212,0.8,2,10,Overcast,cloudy,remote
"36.0831, 115.1482",2024-03-17T10:00:00,53,53,12.5,19.6,0,0,,0,0,19.2,14.5,33.8,1030,100,15,306,1.1,3,10,Overcast,cloudy,remote
"36.0831, 115.1482",2024-03-17T11:00:00,53,53,15.2,22.06,0,0,,0,0,31.3,11.2,30,1029.6,100,18.6,598,2.2,6,10,Overcast,cloudy,54808099999
"36.0831, 115.1482",2024-03-17T12:00:00,57.3,57.3,11.7,16.22,0,0,,0,0,16.8,13.9,29.1,1028,100,15,631,2.3,6,10,Overcast,cloudy,remote
"36.0831, 115.1482",2024-03-17T13:00:00,59.1,59.1,11.6,15.09,0,0,,0,0,15.2,12.8,30.8,1027,100,15,758,2.7,8,10,Overcast,cloudy,remote
"36.0831, 115.1482",2024-03-17T14:00:00,57.5,57.5,19.1,22.23,0,0,,0,0,31.3,8.9,20,1026.8,97.6,18.6,738,2.7,7,10,Overcast,cloudy,54808099999
"36.0831, 115.1482",2024-03-17T15:00:00,60.5,60.5,10.8,13.88,0,0,,0,0,12.1,11.2,40.2,1025,89.8,15,619,2.2,6,10,Partially cloudy,partly-cloudy-day,remote
"36.0831, 115.1482",2024-03-17T16:00:00,60.3,60.3,11,14.09,0,0,,0,0,9.4,8.9,54.9,1025,100,15,502,1.8,5,10,Overcast,cloudy,remote
"36.0831, 115.1482",2024-03-17T17:00:00,57.5,57.5,19.1,22.23,0,0,,0,0,31.3,4.5,30,1025,100,18.6,283,1,3,10,Overcast,cloudy,54808099999
"36.0831, 115.1482",2024-03-17T18:00:00,56,56,18,22.35,0,0,,0,0,7.2,5.6,73.9,1025,100,15,113,0.4,1,10,Overcast,cloudy,remote
"36.0831, 115.1482",2024-03-17T19:00:00,53.3,53.3,14.3,20.93,0,0,,0,0,6.5,5.8,83.4,1026,100,15,0,0,0,10,Overcast,cloudy,remote
"36.0831, 115.1482",2024-03-17T20:00:00,52.1,52.1,24.5,33.98,0,0,,0,0,24.6,2.2,110,1026.1,100,17.4,0,0,0,10,Overcast,cloudy,54808099999
"36.0831, 115.1482",2024-03-17T21:00:00,52.1,52.1,11.6,19.47,0,0,,0,0,4.5,4.5,117.8,1026,77.5,15,0,0,0,10,Partially cloudy,partly-cloudy-night,remote
"36.0831, 115.1482",2024-03-17T22:00:00,50.6,50.6,11,20.04,0,0,,0,0,5.1,5.1,138,1026,76.6,15,0,0,0,10,Partially cloudy,partly-cloudy-night,remote
"36.0831, 115.1482",2024-03-17T23:00:00,49.2,47,11,21.15,0,0,,0,0,5.4,5.4,163.4,1026,100,15,0,0,0,10,Overcast,cloudy,remote
"36.0831, 115.1482",2024-03-18T00:00:00,48.3,45.7,11.6,22.4,0,0,,0,0,5.8,5.8,167.3,1025,99.9,15,0,0,0,10,Overcast,cloudy,remote
"36.0831, 115.1482",2024-03-18T01:00:00,47.7,44.1,13.5,24.94,0,0,,0,0,13.9,7.8,177,1024,100,15,0,0,0,10,Overcast,cloudy,remote
"36.0831, 115.1482",2024-03-18T02:00:00,46.5,44.5,26.3,45.09,0,0,,0,0,15.7,4.5,170,1024.4,100,10.6,0,0,0,10,Overcast,cloudy,54808099999
"36.0831, 115.1482",2024-03-18T03:00:00,47.6,42.9,22.5,36.98,0,0,,0,0,25.7,10.3,200.9,1024,100,15,0,0,0,10,Overcast,cloudy,remote
"36.0831, 115.1482",2024-03-18T04:00:00,48.3,43.2,23.8,37.95,0,0,,0,0,27.7,12.1,202.7,1023,100,15,0,0,0,10,Overcast,cloudy,remote
"36.0831, 115.1482",2024-03-18T05:00:00,48.3,44.3,29.9,48.84,0,0,,0,0,11.2,8.9,170,1022.5,100,9.9,0,0,0,10,Overcast,cloudy,54808099999
"36.0831, 115.1482",2024-03-18T06:00:00,47.6,42.2,26,42.65,0,0,,0,0,28.2,12.5,197.7,1023,100,15,0,0,0,10,Overcast,cloudy,remote
"36.0831, 115.1482",2024-03-18T07:00:00,47.9,43,26.7,43.35,0,0,,0,0,26.4,11.4,197.7,1022,100,15,8,0,0,10,Overcast,cloudy,remote
"36.0831, 115.1482",2024-03-18T08:00:00,52.1,52.1,31.7,45.66,0,0,,0,0,22.4,15.7,200,1023,100,8.7,69,0.2,1,10,Overcast,cloudy,54808099999
"36.0831, 115.1482",2024-03-18T09:00:00,52.2,52.2,30.3,42.79,0,0,,0,0,26.2,13,205.4,1023,100,15,141,0.5,1,10,Overcast,cloudy,remote
"36.0831, 115.1482",2024-03-18T10:00:00,56.7,56.7,27.4,32.28,0,0,,0,0,21.5,15.4,222.8,1023,100,15,356,1.3,4,10,Overcast,cloudy,remote
"36.0831, 115.1482",2024-03-18T11:00:00,56.4,56.4,34.1,42.84,0,0,,0,0,24.6,13.4,220,1022.6,100,8.7,415,1.5,4,10,Overcast,cloudy,54808099999
"36.0831, 115.1482",2024-03-18T12:00:00,61.4,61.4,32.6,33.77,0,0,,0,0,18.8,15.7,233.4,1022,100,15,443,1.6,4,10,Overcast,cloudy,remote
"36.0831, 115.1482",2024-03-18T13:00:00,62.9,62.9,34.1,34,0,0,,0,0,17.4,15.4,239.3,1021,100,15,554,2,6,10,Overcast,cloudy,remote
"36.0831, 115.1482",2024-03-18T14:00:00,62.3,62.3,35,35.92,0,0,,0,0,29.1,20.1,220,1019.9,100,9.3,473,1.7,5,10,Overcast,cloudy,54808099999
"36.0831, 115.1482",2024-03-18T15:00:00,64.3,64.3,35.5,34.24,0,0,,0,0,16.8,15.4,223.3,1019,100,15,596,2.1,6,10,Overcast,cloudy,remote
"36.0831, 115.1482",2024-03-18T16:00:00,64.3,64.3,35.3,33.99,0,0,,0,0,18.3,15.9,218.8,1018,82,15,476,1.7,5,10,Partially cloudy,partly-cloudy-day,remote
"36.0831, 115.1482",2024-03-18T17:00:00,60,60,35.7,40.15,0,0,,0,0,31.3,17.9,210,1018.2,64.3,8.7,337,1.2,3,10,Partially cloudy,partly-cloudy-day,54808099999
"36.0831, 115.1482",2024-03-18T18:00:00,60.7,60.7,36,39.7,0,0,,0,0,25.3,15,211.8,1018,1.7,15,138,0.5,1,10,Clear,clear-day,remote
"36.0831, 115.1482",2024-03-18T19:00:00,58,58,34.8,41.59,0,0,,0,0,28.2,13.6,219.6,1019,5,15,0,0,0,3,Clear,clear-night,remote
"36.0831, 115.1482",2024-03-18T20:00:00,52.4,52.4,36.2,53.92,0,0,,0,0,31.3,6.7,170,1019.6,4.7,11.8,0,0,0,3,Clear,clear-night,54808099999
"36.0831, 115.1482",2024-03-18T21:00:00,53,53,38.6,57.96,0,0,,0,0,26.2,12.5,213.2,1020,64.7,15,0,0,0,5,Partially cloudy,partly-cloudy-night,remote
"36.0831, 115.1482",2024-03-18T22:00:00,50.8,50.8,37.5,60.16,0,0,,0,0,13,7.2,270.1,1021,98,15,0,0,0,10,Overcast,cloudy,remote
"36.0831, 115.1482",2024-03-18T23:00:00,54.8,54.8,19.8,25.27,0,0,,0,0,30.6,12.1,349.4,1022,4.2,15,0,0,0,10,Clear,clear-night,remote
"36.0831, 115.1482",2024-03-19T00:00:00,55.1,55.1,5.1,13,0,0,,0,0,34,15.7,341.5,1023,0,15,0,0,0,10,Clear,clear-night,remote
"36.0831, 115.1482",2024-03-19T01:00:00,53.9,53.9,5.6,13.95,0,0,,0,0,32.9,17,344.1,1024,0,15,0,0,0,10,Clear,clear-night,remote
"36.0831, 115.1482",2024-03-19T02:00:00,51.2,51.2,18.6,27.33,0,0,,0,0,31.3,6.7,10,1024,0,8.7,0,0,0,10,Clear,clear-night,54808099999
"36.0831, 115.1482",2024-03-19T03:00:00,45,40.9,9.6,23.17,0,0,,0,0,15.7,7.6,3.9,1024,0,15,0,0,0,10,Clear,clear-night,remote
"36.0831, 115.1482",2024-03-19T04:00:00,43.2,38.9,10.3,25.63,0,0,,0,0,18.6,7.4,6.8,1025,0,15,0,0,0,10,Clear,clear-night,remote
"36.0831, 115.1482",2024-03-19T05:00:00,46.7,44.7,12.8,25.17,0,0,,0,0,26.8,4.5,10,1025,0,11.8,0,0,0,10,Clear,clear-night,54808099999
"36.0831, 115.1482",2024-03-19T06:00:00,40.9,36.4,7.4,24.65,0,0,,0,0,8.9,6.7,14.3,1026,0,15,0,0,0,10,Clear,clear-night,remote
"36.0831, 115.1482",2024-03-19T07:00:00,41.1,37,7.8,24.88,0,0,,0,0,8.7,6,26.4,1027,0,15,15,0.1,0,10,Clear,clear-day,remote
"36.0831, 115.1482",2024-03-19T08:00:00,46.7,46.7,15.5,28.33,0,0,,0,0,22.4,2.2,250,1026.8,0,9.9,179,0.6,2,10,Clear,clear-day,54808099999
"36.0831, 115.1482",2024-03-19T09:00:00,50.6,50.6,8.3,17.76,0,0,,0,0,7.8,5.4,39.1,1028,0,15,402,1.4,4,10,Clear,clear-day,remote
"36.0831, 115.1482",2024-03-19T10:00:00,54.2,54.2,7.8,15.19,0,0,,0,0,10.7,5.8,350.4,1028,0,15,603,2.2,6,10,Clear,clear-day,remote
"36.0831, 115.1482",2024-03-19T11:00:00,56.9,56.9,12.8,17.24,0,0,,0,0,15.7,4.5,240,1026.8,0,17.4,757,2.7,8,10,Clear,clear-day,54808099999
"36.0831, 115.1482",2024-03-19T12:00:00,59.4,59.4,10.1,13.97,0,0,,0,0,13.4,8.5,275.2,1026,0,15,851,3.1,9,10,Clear,clear-day,remote
"36.0831, 115.1482",2024-03-19T13:00:00,60.9,60.9,10.5,13.49,0,0,,0,0,14.5,10.3,274.2,1025,0,15,881,3.2,9,10,Clear,clear-day,remote
"36.0831, 115.1482",2024-03-19T14:00:00,62,62,13.7,14.98,0,0,,0,0,20.1,8.9,280,1023.9,0,18.6,842,3,8,10,Clear,clear-day,54808099999
"36.0831, 115.1482",2024-03-19T15:00:00,64.1,64.1,11.4,12.53,0,0,,0,0,18.8,9.4,271.5,1023,0,15,737,2.7,7,10,Clear,clear-day,remote
"36.0831, 115.1482",2024-03-19T16:00:00,65,65,10.3,11.57,0,0,,0,0,21.3,7.4,260.6,1022,0,15,575,2.1,6,10,Clear,clear-day,remote
"36.0831, 115.1482",2024-03-19T17:00:00,65.4,65.4,11.4,11.99,0,0,,0,0,12.1,3.8,266.2,1021,0,15,373,1.3,4,10,Clear,clear-day,remote
"36.0831, 115.1482",2024-03-19T18:00:00,60.3,60.3,16.1,17.57,0,0,,0,0,2.7,2.2,132.2,1022,0,15,154,0.6,2,10,Clear,clear-day,remote
"36.0831, 115.1482",2024-03-19T19:00:00,55.7,55.7,11.9,17.34,0,0,,0,0,3.6,3.1,169.2,1022,0,15,0,0,0,10,Clear,clear-night,remote
"36.0831, 115.1482",2024-03-19T20:00:00,53.9,53.9,22.4,29.06,0,0,,0,0,20.1,4.5,160,1023,0,12.4,0,0,0,10,Clear,clear-night,54808099999
"36.0831, 115.1482",2024-03-19T21:00:00,51.3,51.3,14.3,22.51,0,0,,0,0,6,6,240.4,1024,0,15,0,0,0,10,Clear,clear-night,remote
"36.0831, 115.1482",2024-03-19T22:00:00,51.2,51.2,14.6,23.02,0,0,,0,0,6.5,6.3,293.5,1024,0,15,0,0,0,10,Clear,clear-night,remote
"36.0831, 115.1482",2024-03-19T23:00:00,51.5,51.5,13.9,22.01,0,0,,0,0,32.7,14.8,21,1025,0,15,0,0,0,10,Clear,clear-night,remote
"36.0831, 115.1482",2024-03-20T00:00:00,52.8,52.8,7.2,15.62,0,0,,0,0,36.2,17.2,50.5,1026,0,15,0,0,0,10,Clear,clear-night,remote
"36.0831, 115.1482",2024-03-20T01:00:00,50.3,50.3,6.5,16.59,0,0,,0,0,34.7,15.9,54.5,1027,0,15,0,0,0,10,Clear,clear-night,remote
"36.0831, 115.1482",2024-03-20T02:00:00,49.4,44.2,13.4,23.29,0,0,,0,0,26.8,13.4,70,1027.3,0,13.7,0,0,0,10,Clear,clear-night,54808099999
"36.0831, 115.1482",2024-03-20T03:00:00,45.4,39.6,5.8,19.27,0,0,,0,0,29.1,12.1,56.9,1028,0,15,0,0,0,10,Clear,clear-night,remote
"36.0831, 115.1482",2024-03-20T04:00:00,42.7,37.8,5.8,21.36,0,0,,0,0,19.2,8.3,47.7,1029,0,15,0,0,0,10,Clear,clear-night,remote
"36.0831, 115.1482",2024-03-20T05:00:00,44,41.5,13.7,29.01,0,0,,0,0,26.8,4.5,80,1028.5,0,15.5,0,0,0,10,Clear,clear-night,54808099999
"36.0831, 115.1482",2024-03-20T06:00:00,39.1,34.1,5.6,24.36,0,0,,0,0,8.9,6.9,15.6,1030,0,15,0,0,0,10,Clear,clear-night,remote
"36.0831, 115.1482",2024-03-20T07:00:00,39.3,34.6,7.2,26.03,0,0,,0,0,11.2,6.5,19.7,1031,0,15,17,0.1,0,10,Clear,clear-day,remote
"36.0831, 115.1482",2024-03-20T08:00:00,42,39.2,20.9,42.7,0,0,,0,0,26.8,4.5,340,1030.6,0,11.2,182,0.7,2,10,Clear,clear-day,54808099999
"36.0831, 115.1482",2024-03-20T09:00:00,49.5,46.5,8.7,18.79,0,0,,0,0,11.2,7.4,69,1031,0,15,404,1.5,4,10,Clear,clear-day,remote
"36.0831, 115.1482",2024-03-20T10:00:00,53.7,53.7,8,15.61,0,0,,0,0,8.3,7.2,80.3,1030,0,15,604,2.2,6,10,Clear,clear-day,remote
"36.0831, 115.1482",2024-03-20T11:00:00,56,56,14.3,18.97,0,0,,0,0,26.8,4.5,130,1029.7,0,18.6,760,2.7,8,10,Clear,clear-day,54808099999
"36.0831, 115.1482",2024-03-20T12:00:00,59.3,59.3,8.3,12.97,0,0,,0,0,5.6,6,116.9,1028,0,15,858,3.1,9,10,Clear,clear-day,remote
"36.0831, 115.1482",2024-03-20T13:00:00,61.2,61.2,9.6,12.79,0,0,,0,0,6.7,6.3,156.6,1026,0,15,888,3.2,9,10,Clear,clear-day,remote
"36.0831, 115.1482",2024-03-20T14:00:00,60.2,60.2,16.4,17.97,0,0,,0,0,22.4,6.7,180,1025.2,0,18.6,849,3.1,8,10,Clear,clear-day,54808099999
"36.0831, 115.1482",2024-03-20T15:00:00,63.1,63.1,15.5,15.61,0,0,,0,0,10.1,8.1,195.8,1023,0,15,742,2.7,7,10,Clear,clear-day,remote
"36.0831, 115.1482",2024-03-20T16:00:00,63.2,63.2,16.6,16.25,0,0,,0,0,10.7,8.7,197.7,1022,0,15,579,2.1,6,10,Clear,clear-day,remote
"36.0831, 115.1482",2024-03-20T17:00:00,60.9,60.9,21.8,22.06,0,0,,0,0,20.1,6.7,180,1021.8,0,18.6,376,1.4,4,10,Clear,clear-day,54808099999
"36.0831, 115.1482",2024-03-20T18:00:00,58.2,58.2,22.7,25.23,0,0,,0,0,17,8.7,176.8,1021,0,15,156,0.6,2,10,Clear,clear-day,remote
"36.0831, 115.1482",2024-03-20T19:00:00,53.9,53.9,20.6,26.93,0,0,,0,0,21,9.2,173.6,1020,0,15,0,0,0,10,Clear,clear-night,remote
"36.0831, 115.1482",2024-03-20T20:00:00,53.7,53.7,26.7,35.02,0,0,,0,0,20.1,6.7,160,1020.2,0,9.9,0,0,0,10,Clear,clear-night,54808099999
"36.0831, 115.1482",2024-03-20T21:00:00,51.3,51.3,22.5,32.12,0,0,,0,0,27.3,10.3,174.8,1020,0,15,0,0,0,10,Clear,clear-night,remote
"36.0831, 115.1482",2024-03-20T22:00:00,49.7,45.9,24.2,36.51,0,0,,0,0,25.9,9.4,165.9,1019,0,15,0,0,0,10,Clear,clear-night,remote
"36.0831, 115.1482",2024-03-20T23:00:00,49,45,26,40.41,0,0,,0,0,27.5,9.4,163.1,1019,0,15,0,0,0,10,Clear,clear-night,remote
"36.0831, 115.1482",2024-03-21T00:00:00,47.7,43.5,27.6,45.3,0,0,,0,0,27.1,9.4,157.7,1018,0,15,0,0,0,10,Clear,clear-night,remote
"36.0831, 115.1482",2024-03-21T01:00:00,47.2,42.3,29.2,49.39,0,0,,0,0,28.9,10.7,162.1,1017,0,15,0,0,0,10,Clear,clear-night,remote
"36.0831, 115.1482",2024-03-21T02:00:00,47.9,43.9,30.8,51.35,0,0,,0,0,20.1,8.9,160,1016.6,0,9.9,0,0,0,10,Clear,clear-night,54808099999
"36.0831, 115.1482",2024-03-21T03:00:00,45.8,40.3,31.5,57.35,0,0,,0,0,28.4,11.4,166.7,1015,0,15,0,0,0,10,Clear,clear-night,remote
"36.0831, 115.1482",2024-03-21T04:00:00,45.2,39.7,32.3,60.26,0,0,,0,0,30,11.2,168.3,1014,0,15,0,0,0,10,Clear,clear-night,remote
"36.0831, 115.1482",2024-03-21T05:00:00,46.7,42.3,32.6,57.9,0,0,,0,0,17.9,8.9,150,1013,0,10.6,0,0,0,10,Clear,clear-night,54808099999
"36.0831, 115.1482",2024-03-21T06:00:00,45.8,39.9,33.2,61.21,0,0,,0,0,32,12.5,165.8,1012,0,15,0,0,0,10,Clear,clear-night,remote
"36.0831, 115.1482",2024-03-21T07:00:00,46.5,40.9,33.3,60,0,0,,0,0,33.6,12.3,166.8,1012,0,15,17,0.1,0,10,Clear,clear-day,remote
"36.0831, 115.1482",2024-03-21T08:00:00,49.4,44.2,34.4,56.23,0,0,,0,0,20.1,13.4,160,1011.4,0,9.3,178,0.6,2,10,Clear,clear-day,54808099999
"36.0831, 115.1482",2024-03-21T09:00:00,59.1,59.1,35.7,41.46,0,0,,0,0,36.5,17.9,200.1,1011,0,15,393,1.4,4,10,Clear,clear-day,remote
"36.0831, 115.1482",2024-03-21T10:00:00,65,65,35.9,33.87,0,0,,0,0,30.6,20.1,202.1,1010,0,15,589,2.1,6,10,Clear,clear-day,remote
"36.0831, 115.1482",2024-03-21T11:00:00,65.6,65.6,39.3,38.01,0,0,,0,0,22.4,13.4,190,1009.5,0,9.3,740,2.7,7,10,Clear,clear-day,54808099999
"36.0831, 115.1482",2024-03-21T12:00:00,71.9,71.9,33.9,24.75,0,0,,0,0,26.6,21.5,201.1,1007,0,15,831,3,8,10,Clear,clear-day,remote
"36.0831, 115.1482",2024-03-21T13:00:00,73.7,73.7,34.8,24.14,0,0,,0,0,27.3,22.1,201.5,1005,5,15,858,3.1,9,10,Clear,clear-day,remote
"36.0831, 115.1482",2024-03-21T14:00:00,71,71,38,30.06,0,0,,0,0,29.1,17.9,190,1004.8,4.6,10.6,818,2.9,8,10,Clear,clear-day,54808099999
"36.0831, 115.1482",2024-03-21T15:00:00,74.9,74.9,36,24.33,0,0,,0,0,27.1,21.5,200,1003,37.3,15,715,2.6,7,10,Partially cloudy,partly-cloudy-day,remote
"36.0831, 115.1482",2024-03-21T16:00:00,74.9,74.9,38,26.31,0,0,,0,0,27.1,19.5,197.4,1002,100,15,547,2,5,10,Overcast,cloudy,remote
"36.0831, 115.1482",2024-03-21T17:00:00,70.4,70.4,42.9,36.97,0,0,,0,0,29.1,13.4,190,1002.1,100,9.9,261,0.9,3,10,Overcast,cloudy,54808099999
"36.0831, 115.1482",2024-03-21T18:00:00,69.3,69.3,38.4,32.22,0,0,,0,0,31.5,17.9,188.6,1002,69,15,104,0.4,1,10,Partially cloudy,partly-cloudy-day,remote
"36.0831, 115.1482",2024-03-21T19:00:00,67.2,67.2,37.5,33.5,0,0,,0,0,34.7,17.9,185.2,1002,99.6,15,0,0,0,10,Overcast,cloudy,remote
"36.0831, 115.1482",2024-03-21T20:00:00,63.8,63.8,42,44.94,0,0,,0,0,29.1,6.7,170,1002.4,99.8,11.2,0,0,0,10,Overcast,cloudy,54808099999
"36.0831, 115.1482",2024-03-21T21:00:00,64.3,64.3,41.1,42.6,0,0,,0,0,38,17.7,185.1,1002,5,15,0,0,0,10,Clear,clear-night,remote
"36.0831, 115.1482",2024-03-21T22:00:00,62.7,62.7,41.6,46.03,0,0,,0,0,38.7,17.2,184.4,1002,2.9,15,0,0,0,10,Clear,clear-night,remote
"36.0831, 115.1482",2024-03-21T23:00:00,60.9,60.9,42.3,50.44,0,0,,0,0,38.3,16.8,182.6,1002,1.2,15,0,0,0,10,Clear,clear-night,remote
"36.0831, 115.1482",2024-03-22T00:00:00,60.5,60.5,42.7,51.79,0,0,,0,0,39.1,17.7,186.4,1001,67.6,15,0,0,0,10,Partially cloudy,partly-cloudy-night,remote
"36.0831, 115.1482",2024-03-22T01:00:00,60,60,42.7,52.8,0,0,,0,0,38,15.9,194.8,1001,100,15,0,0,0,10,Overcast,cloudy,remote
"36.0831, 115.1482",2024-03-22T02:00:00,53,53,39.3,59.61,0,0,,0,0,29.1,4.5,260,1001.9,100,13.7,0,0,0,10,Overcast,cloudy,54808099999
"36.0831, 115.1482",2024-03-22T03:00:00,55.8,55.8,42.9,61.69,0,0,,0,0,19.5,7.8,209.7,1001,100,15,0,0,0,10,Overcast,cloudy,remote
"36.0831, 115.1482",2024-03-22T04:00:00,53.7,53.7,43.2,67.66,0,0,,0,0,13.2,6.3,223.8,1002,100,15,0,0,0,10,Overcast,cloudy,remote
"36.0831, 115.1482",2024-03-22T05:00:00,47.6,44.4,40.7,77.04,0,0,,0,0,26.8,6.7,360,1003,100,3.1,0,0,0,10,Overcast,cloudy,54808099999
"36.0831, 115.1482",2024-03-22T06:00:00,50.6,50.6,39.8,66.36,0,0,,0,0,13.9,7.4,356.1,1003,100,15,0,0,0,10,Overcast,cloudy,remote
"36.0831, 115.1482",2024-03-22T07:00:00,51.3,51.3,34.6,52.62,0,0,,0,0,17.4,7.2,21.3,1004,100,15,11,0,0,10,Overcast,cloudy,remote
"36.0831, 115.1482",2024-03-22T08:00:00,49.4,46.6,35.7,59.12,0,0,,0,0,17.9,6.7,360,1006.1,100,4.3,87,0.3,1,10,Overcast,cloudy,54808099999
"36.0831, 115.1482",2024-03-22T09:00:00,56.9,56.9,34.4,42.62,0,0,,0,0,13.9,8.9,18.1,1006,100,15,265,1,3,10,Overcast,cloudy,remote
"36.0831, 115.1482",2024-03-22T10:00:00,60.7,60.7,34.6,37.5,0,0,,0,0,17.7,11.4,21.1,1006,99.2,15,453,1.6,5,10,Overcast,cloudy,remote
"36.0831, 115.1482",2024-03-22T11:00:00,56.4,56.4,38,50.1,0,0,,0,0,15.7,2.2,360,1007.9,78.9,4.3,521,1.9,5,10,Partially cloudy,partly-cloudy-day,54808099999
"36.0831, 115.1482",2024-03-22T12:00:00,67.4,67.4,33.5,28.45,0,0,,0,0,16.6,11.9,31.6,1007,76.8,15,772,2.8,8,10,Partially cloudy,partly-cloudy-day,remote
"36.0831, 115.1482",2024-03-22T13:00:00,69.5,69.5,32.3,25.12,0,0,,0,0,14.3,11.4,39.1,1006,50.6,15,820,3,8,10,Partially cloudy,partly-cloudy-day,remote
"36.0831, 115.1482",2024-03-22T14:00:00,67.4,67.4,34.1,29.07,0,0,,0,0,15.7,8.9,50,1006.7,18.5,5.6,820,3,8,10,Clear,clear-day,54808099999
"36.0831, 115.1482",2024-03-22T15:00:00,72.9,72.9,26.9,17.95,0,0,,0,0,11.9,10.3,53.8,1005,50.7,15,725,2.6,7,10,Partially cloudy,partly-cloudy-day,remote
"36.0831, 115.1482",2024-03-22T16:00:00,72.9,72.9,25.2,16.78,0,0,,0,0,11.9,10.3,57.4,1005,16.4,15,563,2,6,10,Clear,clear-day,remote
"36.0831, 115.1482",2024-03-22T17:00:00,68.6,68.6,31.4,24.98,0,0,,0,0,15.7,8.9,100,1005.9,100,9.9,367,1.3,4,10,Overcast,cloudy,54808099999
"36.0831, 115.1482",2024-03-22T18:00:00,66.3,66.3,27.6,23.21,0,0,,0,0,9.2,7.2,69.1,1006,100,15,130,0.5,1,10,Overcast,cloudy,remote
"36.0831, 115.1482",2024-03-22T19:00:00,62.1,62.1,23.8,22.93,0,0,,0,0,6.5,6.3,82,1007,37.4,15,0,0,0,10,Partially cloudy,partly-cloudy-night,remote
"36.0831, 115.1482",2024-03-22T20:00:00,56.6,56.6,37.1,48.05,0,0,,0,0,15.7,2.2,360,1007.5,5.2,3.1,0,0,0,10,Clear,clear-night,54808099999
"36.0831, 115.1482",2024-03-22T21:00:00,58.2,58.2,23.6,26.2,0,0,,0,0,6,6,100.2,1009,5.4,15,0,0,0,10,Clear,clear-night,remote
"36.0831, 115.1482",2024-03-22T22:00:00,57.1,57.1,23.3,26.83,0,0,,0,0,6,5.8,91.1,1009,7.2,15,0,0,0,10,Clear,clear-night,remote
"36.0831, 115.1482",2024-03-22T23:00:00,56,56,22.5,27.07,0,0,,0,0,6.7,6.7,92,1009,5,15,0,0,0,10,Clear,clear-night,remote
"36.0831, 115.1482",2024-03-23T00:00:00,54.9,54.9,20.7,26.09,0,0,,0,0,6.3,6,98.1,1009,19.2,15,0,0,0,10,Clear,clear-night,remote
"36.0831, 115.1482",2024-03-23T01:00:00,54.2,54.2,19.7,25.58,0,0,,0,0,6.7,6.5,102.1,1009,55.4,15,0,0,0,10,Partially cloudy,partly-cloudy-night,remote
"36.0831, 115.1482",2024-03-23T02:00:00,43.4,43.4,36.2,75.58,0,0,,0,0,15.7,2.2,330,1010.1,5.7,2.5,0,0,0,10,Clear,clear-night,54808099999
"36.0831, 115.1482",2024-03-23T03:00:00,52.6,52.6,20.2,27.77,0,0,,0,0,9.4,7.2,92.7,1009,26.6,15,0,0,0,10,Partially cloudy,partly-cloudy-night,remote
"36.0831, 115.1482",2024-03-23T04:00:00,52.6,52.6,20.6,28.2,0,0,,0,0,11.4,7.4,81,1009,100,15,0,0,0,10,Overcast,cloudy,remote
"36.0831, 115.1482",2024-03-23T05:00:00,47.6,47.6,37.7,68.37,0,0,,0,0,13.4,2.2,30,1010.6,100,3.7,0,0,0,10,Overcast,cloudy,54808099999
"36.0831, 115.1482",2024-03-23T06:00:00,54.4,54.4,20.9,26.81,0,0,,0,0,12.3,6.5,81.1,1011,100,15,0,0,0,10,Overcast,cloudy,remote
"36.0831, 115.1482",2024-03-23T07:00:00,54.9,54.9,22.7,28.36,0,0,,0,0,4.9,4,72.7,1012,100,15,4,0,0,10,Overcast,cloudy,remote
"36.0831, 115.1482",2024-03-23T08:00:00,57.5,57.5,30.8,36.17,0,0,,0,0,8.9,6.7,80,1012.3,100,8.1,10,0,0,10,Overcast,cloudy,54808099999
"36.0831, 115.1482",2024-03-23T09:00:00,56.6,56.6,26.7,31.54,0,0,,0,0,8.7,4.7,56.9,1013,100,15,26,0.1,0,10,Overcast,cloudy,remote
"36.0831, 115.1482",2024-03-23T10:00:00,59.8,59.8,28.1,29.8,0,0,,0,0,7.8,4.3,50.3,1013,100,15,114,0.4,1,10,Overcast,cloudy,remote
"36.0831, 115.1482",2024-03-23T11:00:00,66.5,66.5,29.6,25.01,0,0,,0,0,11.2,4.5,100,1012.7,100,10.6,68,0.2,1,10,Overcast,cloudy,54808099999
"36.0831, 115.1482",2024-03-23T12:00:00,58.7,58.7,29.9,33.33,0,0,,0,0,11,6.9,32.1,1013,100,15,67,0.2,1,10,Overcast,cloudy,remote
"36.0831, 115.1482",2024-03-23T13:00:00,59.8,59.8,30.5,32.78,0,0,,0,0,12.1,6.3,35.8,1012,100,15,76,0.3,1,10,Overcast,cloudy,remote
"36.0831, 115.1482",2024-03-23T14:00:00,65.9,65.9,40.7,39.7,0,0,,0,0,11.2,6.7,350,1012,100,5.6,74,0.3,1,10,Overcast,cloudy,54808099999
"36.0831, 115.1482",2024-03-23T15:00:00,60.9,60.9,30.3,31.32,0,0,,0,0,4.9,4.5,4.9,1011,100,15,53,0.2,1,10,Overcast,cloudy,remote
"36.0831, 115.1482",2024-03-23T16:00:00,60.9,60.9,30.3,31.32,0,0,,0,0,6.9,6,315.9,1011,100,15,51,0.2,1,10,Overcast,cloudy,remote
"36.0831, 115.1482",2024-03-23T17:00:00,63.8,63.8,41.1,43.41,0,0,,0,0,11.2,2.2,320,1011.8,100,6.2,25,0.1,0,10,Overcast,cloudy,54808099999
"36.0831, 115.1482",2024-03-23T18:00:00,58.7,58.7,29.7,33.09,0,0,,0,0,5.4,3.8,346.8,1012,100,15,14,0.1,0,10,Overcast,cloudy,remote
"36.0831, 115.1482",2024-03-23T19:00:00,58.2,58.2,28.5,32.04,0,0,,0,0,2.5,2.5,186.9,1013,100,15,0,0,0,10,Overcast,cloudy,remote
"36.0831, 115.1482",2024-03-23T20:00:00,59.6,59.6,40.4,48.86,0,0,,0,0,11.2,2.2,230,1013.1,100,5,0,0,0,10,Overcast,cloudy,54808099999
"36.0831, 115.1482",2024-03-23T21:00:00,56.2,56.2,33.2,41.59,0,0,,0,0,8.7,6.5,209.3,1014,100,15,0,0,0,10,Overcast,cloudy,remote
"36.0831, 115.1482",2024-03-23T22:00:00,56,56,34.6,44.34,0,0,,0,0,4.3,4.3,248,1014,100,15,0,0,0,10,Overcast,cloudy,remote
"36.0831, 115.1482",2024-03-23T23:00:00,56.6,56.6,34.2,42.87,0,0,,0,0,2.9,2.7,258.7,1014,100,15,0,0,0,10,Overcast,cloudy,remote
"36.0831, 115.1482",2024-03-24T00:00:00,56.4,56.4,34.8,44.09,0,0,,0,0,2.7,2.2,206.7,1015,100,15,0,0,0,10,Overcast,cloudy,remote
"36.0831, 115.1482",2024-03-24T01:00:00,56.6,56.6,35.1,44.43,0,0,,0,0,3.1,3.1,242.9,1014,100,15,0,0,0,10,Overcast,cloudy,remote
"36.0831, 115.1482",2024-03-24T02:00:00,54.2,54.2,46.1,74.02,0,0,,0,0,11.2,2.2,340,1015.1,100,2.5,0,0,0,10,Overcast,cloudy,54808099999
"36.0831, 115.1482",2024-03-24T03:00:00,56.2,56.2,34.2,43.43,0,0,,0,0,0.9,0.9,60.3,1014,100,15,0,0,0,10,Overcast,cloudy,remote
"36.0831, 115.1482",2024-03-24T04:00:00,56,56,33.3,42.17,0,0,,0,0,2.9,2.9,55.8,1014,100,15,0,0,0,10,Overcast,cloudy,remote
"36.0831, 115.1482",2024-03-24T05:00:00,55.1,55.1,46.7,73.11,0,0,,0,0,8.9,2.2,130,1015.3,100,2.5,0,0,0,10,Overcast,cloudy,54808099999
"36.0831, 115.1482",2024-03-24T06:00:00,55.5,55.5,32.4,41.48,0,0,,0,0,9.8,6.3,79.2,1016,100,15,0,0,0,10,Overcast,cloudy,remote
"36.0831, 115.1482",2024-03-24T07:00:00,55.5,55.5,30.8,38.85,0,0,,0,0,11.4,6.3,89.6,1016,100,15,3,0,0,10,Overcast,cloudy,remote
"36.0831, 115.1482",2024-03-24T08:00:00,58.7,58.7,38,46.06,0,0,,0,0,6.7,4.5,110,1017,100,6.8,30,0.1,0,10,Overcast,cloudy,54808099999
"36.0831, 115.1482",2024-03-24T09:00:00,56.4,56.4,33.3,41.62,0,0,,0,0,17.7,6.3,92.3,1017,100,15,40,0.1,0,10,Overcast,cloudy,remote
"36.0831, 115.1482",2024-03-24T10:00:00,57.8,57.8,33.3,39.52,0,0,,0,0,12.8,5.1,128.8,1017,100,15,58,0.2,1,10,Overcast,cloudy,remote
"36.0831, 115.1482",2024-03-24T11:00:00,60.5,60.5,34.8,38.01,0,0,,0,0,6.7,2.2,190,1017.5,100,11.2,40,0.1,0,10,Overcast,cloudy,54808099999
"36.0831, 115.1482",2024-03-24T12:00:00,53.5,53.5,38.4,56.43,0.004,100,rain,0,0,13.2,6.9,121,1017,100,15,23,0.1,0,10,"Rain, Overcast",rain,remote
"36.0831, 115.1482",2024-03-24T13:00:00,52.2,52.2,39.5,61.64,0.004,100,rain,0,0,11.6,6.5,103,1017,100,14.5,42,0.2,0,10,"Rain, Overcast",rain,remote
"36.0831, 115.1482",2024-03-24T14:00:00,60.2,60.2,40.4,47.93,0,0,,0,0,11.2,6.7,330,1016.3,100,11.2,22,0.1,0,10,Overcast,cloudy,54808099999
"36.0831, 115.1482",2024-03-24T15:00:00,51.9,51.9,40,63.79,0,0,,0,0,5.8,2,99.5,1016,100,15,26,0.1,0,10,Overcast,cloudy,remote
"36.0831, 115.1482",2024-03-24T16:00:00,51.7,51.7,40.4,65.12,0.004,100,rain,0,0,4,3.8,323.4,1017,100,15,14,0.1,0,10,"Rain, Overcast",rain,remote
"36.0831, 115.1482",2024-03-24T17:00:00,56.9,56.9,46.7,68.5,0,0,,0,0,13.4,6.7,320,1015.9,100,8.7,11,0,0,10,Overcast,cloudy,54808099999
"36.0831, 115.1482",2024-03-24T18:00:00,50.6,50.6,40.9,69.2,0.008,100,rain,0,0,19,11.4,341.1,1019,100,15,5,0,0,10,"Rain, Overcast",rain,remote
"36.0831, 115.1482",2024-03-24T19:00:00,50.6,50.6,40.7,68.72,0,0,,0,0,25.9,13.6,352.7,1019,100,15,0,0,0,10,Overcast,cloudy,remote
"36.0831, 115.1482",2024-03-24T20:00:00,49.4,43.7,36.2,60.39,0,0,rain,0,0,26.8,15.7,20,1019.1,100,7.5,0,0,0,10,Overcast,cloudy,54808099999
"36.0831, 115.1482",2024-03-24T21:00:00,44.9,37,37.8,76.25,0,0,rain,0,0,32.9,19.5,15.2,1021,100,15,0,0,0,10,Overcast,cloudy,remote
"36.0831, 115.1482",2024-03-24T22:00:00,42.7,35,36.2,77.69,0.012,100,rain,0,0,31.5,16.1,357.1,1022,100,9.8,0,0,0,10,"Rain, Overcast",rain,remote
"36.0831, 115.1482",2024-03-24T23:00:00,41.3,33,34.6,77.01,0.02,100,rain,0,0,32.4,16.6,12.9,1022,100,15,0,0,0,10,"Rain, Overcast",rain,remote
"36.0831, 115.1482",2024-03-25T00:00:00,39.6,30.6,32.8,76.31,0,0,rain,0,0,32.9,17.9,14.6,1021,100,4.6,0,0,0,10,Overcast,cloudy,remote
"36.0831, 115.1482",2024-03-25T01:00:00,38.9,30.3,33.7,81.37,0,0,rain,0,0,31.3,15.4,15.5,1022,100,6.9,0,0,0,10,Overcast,cloudy,remote
"36.0831, 115.1482",2024-03-25T02:00:00,39.6,30.9,34.2,80.84,0,0,rain,0,0,32.2,16.6,6.8,1021,100,15,0,0,0,10,Overcast,cloudy,remote
"36.0831, 115.1482",2024-03-25T03:00:00,40,31.5,35.3,83.21,0,0,,0,0,30.4,16.1,2.5,1020,100,15,0,0,0,10,Overcast,cloudy,remote
"36.0831, 115.1482",2024-03-25T04:00:00,40,32,37.1,89.35,0,0,,0,0,25.1,14.5,359.4,1020,100,15,0,0,0,10,Overcast,cloudy,remote
"36.0831, 115.1482",2024-03-25T05:00:00,40.2,32.4,38.4,93.22,0,0,rain,0,0,23.5,14.1,355.8,1021,100,10.3,0,0,0,10,Overcast,cloudy,remote
"36.0831, 115.1482",2024-03-25T06:00:00,40.4,32.9,38.9,94.55,0,0,rain,0,0,21.7,13.2,3.5,1021,100,14.2,0,0,0,10,Overcast,cloudy,remote
"36.0831, 115.1482",2024-03-25T07:00:00,41.3,34.6,39.1,91.96,0,0,rain,0,0,20.1,11.6,4.4,1022,100,15,2,0,0,10,Overcast,cloudy,remote
"36.0831, 115.1482",2024-03-25T08:00:00,39.5,33.5,37.5,92.55,0.213,100,rain,0,0,29.1,8.9,10,1022.1,100,3.7,14,0.1,0,10,"Rain, Overcast",rain,54808099999
"36.0831, 115.1482",2024-03-25T09:00:00,43.2,37.2,40.2,88.87,0,0,rain,0,0,19.7,11.2,348.6,1022,100,15,42,0.2,0,10,Overcast,cloudy,remote
"36.0831, 115.1482",2024-03-25T10:00:00,43.8,38,40.7,88.9,0,0,,0,0,19.9,11,2.4,1022,100,15,45,0.2,0,10,Overcast,cloudy,remote
"36.0831, 115.1482",2024-03-25T11:00:00,43.4,38.3,40.4,88.88,0,0,,0,0,29.1,8.9,360,1022.1,100,3.7,53,0.2,1,10,Overcast,cloudy,54808099999
"36.0831, 115.1482",2024-03-25T12:00:00,45.2,40,41.3,85.93,0,0,,0,0,16.6,10.3,354.6,1021,100,15,55,0.2,1,10,Overcast,cloudy,remote
"36.0831, 115.1482",2024-03-25T13:00:00,45.8,40.9,41.4,84.78,0,0,,0,0,14.3,9.6,355.2,1022,100,15,57,0.2,1,10,Overcast,cloudy,remote
"36.0831, 115.1482",2024-03-25T14:00:00,46.7,43.3,42.9,86.61,0.004,100,rain,0,0,29.1,6.7,10,1021.2,100,3.7,80,0.3,1,10,"Rain, Overcast",rain,54808099999
"36.0831, 115.1482",2024-03-25T15:00:00,47.6,43.9,41.3,78.66,0,0,,0,0,10.5,7.8,28.6,1020,100,15,191,0.7,2,10,Overcast,cloudy,remote
"36.0831, 115.1482",2024-03-25T16:00:00,48.5,45.8,41.3,76.05,0,0,,0,0,8.1,6,50.7,1021,95.1,15,233,0.8,2,10,Overcast,cloudy,remote
"36.0831, 115.1482",2024-03-25T17:00:00,49.4,46.6,43.1,78.81,0,0,,0,0,17.9,6.7,20,1021.4,65.1,5.6,192,0.7,2,10,Partially cloudy,partly-cloudy-day,54808099999
"36.0831, 115.1482",2024-03-25T18:00:00,47.7,45.8,41.1,77.59,0,0,,0,0,5.4,4.7,94.6,1021,39.7,15,112,0.4,1,10,Partially cloudy,partly-cloudy-day,remote
"36.0831, 115.1482",2024-03-25T19:00:00,44,41.4,40.4,87.06,0,0,,0,0,4.7,4.7,124.8,1021,0,15,0,0,0,10,Clear,clear-night,remote
"36.0831, 115.1482",2024-03-25T20:00:00,44.3,44.3,42,91.43,0,0,,0,0,17.9,2.2,160,1022.3,0,2.5,0,0,0,10,Clear,clear-night,54808099999
"36.0831, 115.1482",2024-03-25T21:00:00,41.8,38.7,39.5,91.33,0,0,,0,0,4.9,4.9,146.7,1023,0,15,0,0,0,10,Clear,clear-night,remote
"36.0831, 115.1482",2024-03-25T22:00:00,41.4,39.4,39.1,91.32,0,0,,0,0,3.6,3.6,176.7,1024,0,15,0,0,0,10,Clear,clear-night,remote
"36.0831, 115.1482",2024-03-25T23:00:00,41.1,38.2,38.7,91.31,0,0,,0,0,4.3,4.5,186.2,1024,0,15,0,0,0,10,Clear,clear-night,remote
"36.0831, 115.1482",2024-03-26T00:00:00,40.9,36.3,38.7,91.94,0,0,,0,0,8.9,6.9,196.8,1024,0,15,0,0,0,10,Clear,clear-night,remote
"36.0831, 115.1482",2024-03-26T01:00:00,40.2,37.1,38.2,92.57,0,0,,0,0,4.5,4.5,190.6,1024,0,15,0,0,0,10,Clear,clear-night,remote
"36.0831, 115.1482",2024-03-26T02:00:00,37.7,34.2,37.5,99.3,0,0,,0,0,13.4,4.5,150,1024.2,2.6,0,0,0,0,10,Clear,clear-night,54808099999
"36.0831, 115.1482",2024-03-26T03:00:00,40,35.7,37.8,91.91,0,0,,0,0,6.5,6,192.8,1023,100,15,0,0,0,10,Overcast,cloudy,remote
"36.0831, 115.1482",2024-03-26T04:00:00,40.2,36.1,37.8,91.27,0,0,,0,0,6.5,5.8,180,1022,4.2,15,0,0,0,10,Clear,clear-night,remote
"36.0831, 115.1482",2024-03-26T05:00:00,37.1,37.1,37.1,100,0,0,,0,0,8.9,2.2,150,1022.5,53,0,0,0,0,10,Partially cloudy,partly-cloudy-night,54808099999
"36.0831, 115.1482",2024-03-26T06:00:00,39.6,34.4,37.5,91.9,0,0,,0,0,11.9,7.6,181.4,1022,90.8,15,0,0,0,10,Overcast,cloudy,remote
"36.0831, 115.1482",2024-03-26T07:00:00,40.7,35.7,38,90.01,0,0,,0,0,16.6,7.6,179.6,1023,99.5,15,25,0.1,0,10,Overcast,cloudy,remote
"36.0831, 115.1482",2024-03-26T08:00:00,42.2,37.9,42.2,100,0,0,,0,0,11.2,6.7,190,1024.4,88.8,1.9,188,0.7,2,10,Partially cloudy,partly-cloudy-day,54808099999
"36.0831, 115.1482",2024-03-26T09:00:00,51.2,51.2,41.8,70.23,0,0,,0,0,17.9,11.9,193.7,1024,28.2,15,391,1.4,4,10,Partially cloudy,partly-cloudy-day,remote
"36.0831, 115.1482",2024-03-26T10:00:00,56,56,43.2,62.14,0,0,,0,0,18.3,13.6,195.9,1024,74.6,15,601,2.2,6,10,Partially cloudy,partly-cloudy-day,remote
"36.0831, 115.1482",2024-03-26T11:00:00,58.7,58.7,44.9,59.98,0,0,,0,0,22.4,13.4,210,1024.1,17.9,6.8,735,2.6,7,10,Clear,clear-day,54808099999
"36.0831, 115.1482",2024-03-26T12:00:00,63.8,63.8,44.1,48.82,0,0,,0,0,18.8,15.2,192,1022,100,15,841,3,8,10,Overcast,cloudy,remote
"36.0831, 115.1482",2024-03-26T13:00:00,66.5,66.5,44.3,44.75,0,0,,0,0,19.5,16.1,196.5,1021,98.3,15,823,3,8,10,Overcast,cloudy,remote
"36.0831, 115.1482",2024-03-26T14:00:00,64.1,64.1,47.6,54.87,0,0,,0,0,24.6,17.9,180,1020.9,100,7.5,781,2.8,8,10,Overcast,cloudy,54808099999
"36.0831, 115.1482",2024-03-26T15:00:00,67.7,67.7,45.4,44.64,0,0,,0,0,18.8,15.4,191.9,1019,100,15,666,2.4,7,10,Overcast,cloudy,remote
"36.0831, 115.1482",2024-03-26T16:00:00,66.6,66.6,46.3,47.94,0,0,,0,0,20.4,15.7,191.5,1019,100,15,436,1.6,4,10,Overcast,cloudy,remote
"36.0831, 115.1482",2024-03-26T17:00:00,63.8,63.8,48.3,57.09,0,0,,0,0,26.8,15.7,180,1019,100,7.5,244,0.9,2,10,Overcast,cloudy,54808099999
"36.0831, 115.1482",2024-03-26T18:00:00,61.8,61.8,47.6,59.57,0,0,,0,0,25.7,15,192.9,1019,100,15,95,0.3,1,10,Overcast,cloudy,remote
"36.0831, 115.1482",2024-03-26T19:00:00,59.4,59.4,47.6,64.73,0,0,,0,0,27.5,14.3,189.2,1019,100,15,0,0,0,10,Overcast,cloudy,remote
"36.0831, 115.1482",2024-03-26T20:00:00,57.8,57.8,47.6,68.6,0,0,,0,0,28.6,13.6,186.9,1020,100,15,0,0,0,10,Overcast,cloudy,remote
"36.0831, 115.1482",2024-03-26T21:00:00,56.4,56.4,47.6,72.25,0,0,,0,0,29.5,13,186,1020,100,15,0,0,0,10,Overcast,cloudy,remote
"36.0831, 115.1482",2024-03-26T22:00:00,56,56,47.9,74.19,0,0,,0,0,29.1,13.2,184,1019,100,15,0,0,0,10,Overcast,cloudy,remote
"36.0831, 115.1482",2024-03-26T23:00:00,55.5,55.5,47.9,75.66,0,0,,0,0,30,13.9,186,1019,100,15,0,0,0,10,Overcast,cloudy,remote
"36.0831, 115.1482",2024-03-27T00:00:00,55.1,55.1,48.1,77.18,0,0,,0,0,30.2,13.9,186.1,1019,100,15,0,0,0,10,Overcast,cloudy,remote
"36.0831, 115.1482",2024-03-27T01:00:00,54.6,54.6,48.1,78.71,0,0,,0,0,30.9,14.8,183.1,1018,100,15,0,0,0,10,Overcast,cloudy,remote
"36.0831, 115.1482",2024-03-27T02:00:00,52.4,52.4,47.6,83.47,0,0,,0,0,26.8,11.2,170,1018.4,100,5,0,0,0,10,Overcast,cloudy,54808099999
"36.0831, 115.1482",2024-03-27T03:00:00,53.7,53.7,47,78.1,0,0,,0,0,29.8,13.9,176.3,1016,100,15,0,0,0,10,Overcast,cloudy,remote
"36.0831, 115.1482",2024-03-27T04:00:00,52.6,52.6,46.5,79.62,0,0,,0,0,30.6,14.8,176.2,1016,100,15,0,0,0,10,Overcast,cloudy,remote
"36.0831, 115.1482",2024-03-27T05:00:00,52.1,52.1,45.8,79.04,0,0,,0,0,32,14.8,175.9,1016,100,15,0,0,0,10,Overcast,cloudy,remote
"36.0831, 115.1482",2024-03-27T06:00:00,51.3,51.3,45.4,80.06,0,0,,0,0,31.3,13.9,180.7,1016,100,15,0,0,0,10,Overcast,cloudy,remote
"36.0831, 115.1482",2024-03-27T07:00:00,51.9,51.9,45.4,78.48,0,0,,0,0,28.9,12.8,179.8,1016,100,15,17,0.1,0,10,Overcast,cloudy,remote
"36.0831, 115.1482",2024-03-27T08:00:00,53,53,45.4,75.43,0,0,,0,0,30.4,14.5,177.7,1016,100,15,56,0.2,1,10,Overcast,cloudy,remote
"36.0831, 115.1482",2024-03-27T09:00:00,55.7,55.7,45.8,69.29,0,0,,0,0,29.1,15,181.2,1017,100,15,184,0.7,2,10,Overcast,cloudy,remote
"36.0831, 115.1482",2024-03-27T10:00:00,58.7,58.7,45.9,62.49,0,0,,0,0,27.5,18.6,186.7,1016,100,15,326,1.2,3,10,Overcast,cloudy,remote
"36.0831, 115.1482",2024-03-27T11:00:00,57.8,57.8,48.5,70.95,0,0,,0,0,26.8,17.9,170,1016,100,4.3,412,1.5,4,10,Overcast,cloudy,54808099999
"36.0831, 115.1482",2024-03-27T12:00:00,60.7,60.7,47.9,62.74,0,0,,0,0,25.7,18.3,188.1,1014,98.1,15,423,1.5,4,10,Overcast,cloudy,remote
"36.0831, 115.1482",2024-03-27T13:00:00,66.1,66.1,48.3,52.62,0,0,,0,0,24.4,19,188.3,1013,100,15,794,2.9,8,10,Overcast,cloudy,remote
"36.0831, 115.1482",2024-03-27T14:00:00,62.7,62.7,50.6,64.7,0,0,,0,0,26.8,15.7,180,1013.1,100,5.6,578,2.1,6,10,Overcast,cloudy,54808099999
"36.0831, 115.1482",2024-03-27T15:00:00,66.1,66.1,45.9,48.18,0,0,,0,0,21.3,17.7,189.1,1012,100,15,405,1.5,4,10,Overcast,cloudy,remote
"36.0831, 115.1482",2024-03-27T16:00:00,65.2,65.2,46.8,51.43,0,0,,0,0,19.7,15.7,185.5,1011,100,15,294,1.1,3,10,Overcast,cloudy,remote
"36.0831, 115.1482",2024-03-27T17:00:00,62.9,62.9,49.7,62.17,0,0,,0,0,26.8,13.4,190,1011.4,100,12.4,272,1,3,10,Overcast,cloudy,54808099999
"36.0831, 115.1482",2024-03-27T18:00:00,61.2,61.2,49.2,64.52,0,0,,0,0,24.8,17.2,176.6,1011,100,15,102,0.4,1,10,Overcast,cloudy,remote
"36.0831, 115.1482",2024-03-27T19:00:00,58.6,58.6,49.2,71.03,0,0,,0,0,27.1,16.8,181.2,1012,100,15,0,0,0,10,Overcast,cloudy,remote
"36.0831, 115.1482",2024-03-27T20:00:00,56,56,50.1,80.43,0,0,,0,0,25.1,14.3,178.7,1012,100,15,0,0,0,10,Overcast,cloudy,remote
"36.0831, 115.1482",2024-03-27T21:00:00,53.9,53.9,50.4,88.17,0,0,,0,0,23.9,12.8,167.2,1013,100,15,0,0,0,10,Overcast,cloudy,remote
"36.0831, 115.1482",2024-03-27T22:00:00,52.6,52.6,50.4,92.34,0,0,,0,0,21.9,10.7,161.1,1013,100,15,0,0,0,10,Overcast,cloudy,remote
"36.0831, 115.1482",2024-03-27T23:00:00,51.9,51.9,50.4,94.81,0,0,,0,0,19.7,10.3,158.4,1013,98.6,15,0,0,0,10,Overcast,cloudy,remote
"36.0831, 115.1482",2024-03-28T00:00:00,51.9,51.9,50.1,93.56,0,0,,0,0,14.5,8.7,160.9,1013,94.7,15,0,0,0,10,Overcast,cloudy,remote
"36.0831, 115.1482",2024-03-28T01:00:00,52.1,52.1,49.9,92.32,0,0,,0,0,11.4,7.8,174.1,1012,78.8,15,0,0,0,10,Partially cloudy,partly-cloudy-night,remote
"36.0831, 115.1482",2024-03-28T02:00:00,51.9,51.9,49.9,92.93,0,0,,0,0,11.9,7.2,197.9,1011,100,15,0,0,0,10,Overcast,cloudy,remote
"36.0831, 115.1482",2024-03-28T03:00:00,50.8,50.8,49.5,95.43,0,0,,0,0,10.1,6,176.3,1010,100,15,0,0,0,10,Overcast,cloudy,remote
"36.0831, 115.1482",2024-03-28T04:00:00,49.4,46.8,48.6,97.35,0,0,,0,0,10.1,6.3,198.7,1010,88.5,15,0,0,0,10,Partially cloudy,partly-cloudy-night,remote
"36.0831, 115.1482",2024-03-28T05:00:00,48.5,46.3,47.6,96.68,0,0,,0,0,4.9,5.1,224.6,1010,53.2,15,0,0,0,10,Partially cloudy,partly-cloudy-night,remote
"36.0831, 115.1482",2024-03-28T06:00:00,47.9,46.5,46.5,94.73,0,0,,0,0,4.3,4,324.3,1011,5,15,0,0,0,10,Clear,clear-night,remote
"36.0831, 115.1482",2024-03-28T07:00:00,49,46.4,47,92.85,0,0,,0,0,13.6,6.3,359.6,1012,5,15,31,0.1,0,10,Clear,clear-day,remote
"36.0831, 115.1482",2024-03-28T08:00:00,53.5,53.5,49,84.68,0,0,,0,0,20.1,9.4,43.5,1013,12.6,15,210,0.8,2,10,Clear,clear-day,remote
"36.0831, 115.1482",2024-03-28T09:00:00,56.9,56.9,48.3,72.8,0,0,,0,0,15.4,10.7,67.9,1013,0,15,424,1.5,4,10,Clear,clear-day,remote
"36.0831, 115.1482",2024-03-28T10:00:00,60.7,60.7,45.8,57.83,0,0,,0,0,9.6,7.8,76.4,1013,0,15,622,2.2,6,10,Clear,clear-day,remote
"36.0831, 115.1482",2024-03-28T11:00:00,63.8,63.8,40.7,42.81,0,0,,0,0,5.8,6,80.8,1013,0,15,772,2.8,8,10,Clear,clear-day,remote
"36.0831, 115.1482",2024-03-28T12:00:00,67.9,67.9,37.3,32.44,0,0,,0,0,2.2,3.1,116.2,1012,0,15,865,3.1,9,10,Clear,clear-day,remote
"36.0831, 115.1482",2024-03-28T13:00:00,69.9,69.9,34.6,27.24,0,0,,0,0,6.5,3.6,225.5,1011,0,15,891,3.2,9,10,Clear,clear-day,remote
"36.0831, 115.1482",2024-03-28T14:00:00,70.6,70.6,37.3,29.58,0,0,,0,0,11.4,9.4,196.9,1009,1.1,15,849,3.1,8,10,Clear,clear-day,remote
"36.0831, 115.1482",2024-03-28T15:00:00,71.9,71.9,37.5,28.55,0,0,,0,0,15.9,11.9,208.9,1007,5,15,742,2.7,7,10,Clear,clear-day,remote
"36.0831, 115.1482",2024-03-28T16:00:00,72.1,72.1,37.7,28.57,0,0,,0,0,20.4,15,223.1,1006,5,15,581,2.1,6,10,Clear,clear-day,remote
"36.0831, 115.1482",2024-03-28T17:00:00,70.8,70.8,40,32.67,0,0,,0,0,21.7,12.1,220.3,1005,0,15,381,1.4,4,10,Clear,clear-day,remote
"36.0831, 115.1482",2024-03-28T18:00:00,67,67,39.1,35.91,0,0,,0,0,20.8,9.6,202.2,1005,36.8,15,169,0.6,2,10,Partially cloudy,partly-cloudy-day,remote
"36.0831, 115.1482",2024-03-28T19:00:00,62.9,62.9,36.4,37.31,0,0,,0,0,24.2,9.2,199.1,1005,12.1,15,0,0,0,3,Clear,clear-night,remote
"36.0831, 115.1482",2024-03-28T20:00:00,60.2,60.2,37.8,43.44,0,0,,0,0,19.9,8.9,217.1,1005,5,15,0,0,0,10,Clear,clear-night,remote
"36.0831, 115.1482",2024-03-28T21:00:00,58.9,58.9,36,42.33,0,0,,0,0,13.2,8.7,215.4,1005,65,15,0,0,0,10,Partially cloudy,partly-cloudy-night,remote
"36.0831, 115.1482",2024-03-28T22:00:00,58,58,38.4,47.93,0,0,,0,0,19,10.1,200.6,1005,99.6,15,0,0,0,10,Overcast,cloudy,remote
"36.0831, 115.1482",2024-03-28T23:00:00,57.8,57.8,41.3,53.96,0,0,,0,0,21.7,9.8,205.1,1005,5,15,0,0,0,10,Clear,clear-night,remote
"36.0831, 115.1482",2024-03-29T00:00:00,56.4,56.4,42,58.44,0,0,,0,0,25.1,11.2,208.7,1004,17.3,15,0,0,0,10,Clear,clear-night,remote
"36.0831, 115.1482",2024-03-29T01:00:00,56,56,43.4,62.57,0,0,,0,0,27.3,11.9,219.8,1004,5,15,0,0,0,10,Clear,clear-night,remote
"36.0831, 115.1482",2024-03-29T02:00:00,54.2,54.2,42.2,63.64,0,0,,0,0,22.1,9.2,235.9,1004,4.8,15,0,0,0,10,Clear,clear-night,remote
"36.0831, 115.1482",2024-03-29T03:00:00,53.3,53.3,40,60.5,0,0,,0,0,14.5,7.8,251.2,1003,5,15,0,0,0,10,Clear,clear-night,remote
"36.0831, 115.1482",2024-03-29T04:00:00,53.7,53.7,34.8,48.63,0,0,,0,0,7.4,6.7,269.2,1003,3.9,15,0,0,0,10,Clear,clear-night,remote
"36.0831, 115.1482",2024-03-29T05:00:00,53.7,53.7,29.7,39.71,0,0,,0,0,6.7,6.5,304.7,1004,4.6,15,0,0,0,10,Clear,clear-night,remote
"36.0831, 115.1482",2024-03-29T06:00:00,53.9,53.9,25.8,33.52,0,0,,0,0,6.5,6.5,344.8,1005,0,15,0,0,0,10,Clear,clear-night,remote
"36.0831, 115.1482",2024-03-29T07:00:00,52.6,52.6,27.6,37.82,0,0,,0,0,20.1,8.3,36.2,1007,5,15,35,0.1,0,10,Clear,clear-day,remote
"36.0831, 115.1482",2024-03-29T08:00:00,57.3,57.3,31.2,36.94,0,0,,0,0,21.7,9.8,51.9,1007,0,15,222,0.8,2,10,Clear,clear-day,remote
"36.0831, 115.1482",2024-03-29T09:00:00,62.1,62.1,29.9,29.52,0,0,,0,0,18.1,12.3,67.3,1008,0,15,438,1.6,4,10,Clear,clear-day,remote
"36.0831, 115.1482",2024-03-29T10:00:00,66.6,66.6,29.6,24.86,0,0,,0,0,15.4,13,71.4,1008,5,15,632,2.3,6,10,Clear,clear-day,remote
"36.0831, 115.1482",2024-03-29T11:00:00,70.2,70.2,29.4,21.81,0,0,,0,0,11,10.5,74.8,1008,5,15,781,2.8,8,10,Clear,clear-day,remote
"36.0831, 115.1482",2024-03-29T12:00:00,72.6,72.6,29.2,20,0,0,,0,0,7.2,7.8,81.4,1007,0,15,872,3.1,9,10,Clear,clear-day,remote
"36.0831, 115.1482",2024-03-29T13:00:00,74.2,74.2,28.8,18.66,0,0,,0,0,5.6,5.8,95.2,1007,0,15,899,3.2,9,10,Clear,clear-day,remote
"36.0831, 115.1482",2024-03-29T14:00:00,75.8,75.8,29.9,18.47,0,0,,0,0,4.9,3.6,92,1006,0,15,857,3.1,9,10,Clear,clear-day,remote
"36.0831, 115.1482",2024-03-29T15:00:00,76.2,76.2,30.3,18.52,0,0,,0,0,6.3,4.9,126.8,1005,1.2,15,752,2.7,8,10,Clear,clear-day,remote
"36.0831, 115.1482",2024-03-29T16:00:00,76.9,76.9,31.9,19.31,0,0,,0,0,8.9,6,170.4,1005,4.6,15,591,2.1,6,10,Clear,clear-day,remote
"36.0831, 115.1482",2024-03-29T17:00:00,76.2,76.2,36.6,23.84,0,0,,0,0,9.8,6,176.4,1005,4.6,15,391,1.4,4,10,Clear,clear-day,remote
"36.0831, 115.1482",2024-03-29T18:00:00,71,71,39.1,31.36,0,0,,0,0,3.8,3.8,167.6,1005,4.6,15,174,0.6,2,10,Clear,clear-day,remote
"36.0831, 115.1482",2024-03-29T19:00:00,66.6,66.6,36.4,32.71,0,0,,0,0,4.9,4.9,161.6,1005,3.5,15,0,0,0,10,Clear,clear-night,remote
"36.0831, 115.1482",2024-03-29T20:00:00,64.8,64.8,36.4,34.81,0,0,,0,0,6.3,6.3,176.9,1006,5,15,0,0,0,10,Clear,clear-night,remote
"36.0831, 115.1482",2024-03-29T21:00:00,63.8,63.8,37.8,38.26,0,0,,0,0,9.6,8.1,177.6,1006,3.5,15,0,0,0,10,Clear,clear-night,remote
"36.0831, 115.1482",2024-03-29T22:00:00,62.5,62.5,40.5,44.43,0,0,,0,0,17.4,8.9,183.9,1006,18,15,0,0,0,10,Clear,clear-night,remote
"36.0831, 115.1482",2024-03-29T23:00:00,61.8,61.8,43.1,50.22,0,0,,0,0,20.4,8.9,192.2,1005,35.4,15,0,0,0,10,Partially cloudy,partly-cloudy-night,remote
"36.0831, 115.1482",2024-03-30T00:00:00,61.1,61.1,45.4,56.33,0,0,,0,0,19.2,8.3,201.5,1005,66.8,15,0,0,0,10,Partially cloudy,partly-cloudy-night,remote
"36.0831, 115.1482",2024-03-30T01:00:00,60.3,60.3,47.4,62.27,0,0,,0,0,14.8,8.1,213.8,1005,100,15,0,0,0,10,Overcast,cloudy,remote
"36.0831, 115.1482",2024-03-30T02:00:00,59.4,59.4,48.5,66.96,0,0,,0,0,21.3,7.4,215.7,1005,100,15,0,0,0,10,Overcast,cloudy,remote
"36.0831, 115.1482",2024-03-30T03:00:00,57.8,57.8,47.6,68.6,0,0,,0,0,15.7,8.3,350.4,1007,100,15,0,0,0,10,Overcast,cloudy,remote
"36.0831, 115.1482",2024-03-30T04:00:00,58,58,44.9,61.55,0,0,,0,0,6.7,6,355.9,1008,79.6,15,0,0,0,10,Partially cloudy,partly-cloudy-night,remote
"36.0831, 115.1482",2024-03-30T05:00:00,56.6,56.6,38.2,50.13,0,0,,0,0,32.7,11.6,5.4,1009,100,15,0,0,0,10,Overcast,cloudy,remote
"36.0831, 115.1482",2024-03-30T06:00:00,56.2,56.2,31.5,38.97,0,0,,0,0,38,13.4,13.7,1010,57.3,15,0,0,0,10,Partially cloudy,partly-cloudy-night,remote
"36.0831, 115.1482",2024-03-30T07:00:00,56.7,56.7,30.1,36.05,0,0,,0,0,41.4,15.2,27.4,1012,5.5,15,35,0.1,0,10,Clear,clear-day,remote
"36.0831, 115.1482",2024-03-30T08:00:00,60.2,60.2,33,35.83,0,0,,0,0,35.3,13.9,32.3,1012,5,15,225,0.8,2,10,Clear,clear-day,remote
"36.0831, 115.1482",2024-03-30T09:00:00,64.5,64.5,30.6,28,0,0,,0,0,30.9,16.3,43.3,1013,5,15,444,1.6,4,10,Clear,clear-day,remote
"36.0831, 115.1482",2024-03-30T10:00:00,68.8,68.8,28.7,22.24,0,0,,0,0,25.5,16.8,49.9,1014,5,15,640,2.3,6,10,Clear,clear-day,remote
"36.0831, 115.1482",2024-03-30T11:00:00,71.3,71.3,27.8,19.67,0,0,,0,0,20.6,16.3,42.5,1013,6.3,15,793,2.9,8,10,Clear,clear-day,remote
"36.0831, 115.1482",2024-03-30T12:00:00,73.1,73.1,27.6,18.38,0,0,,0,0,17,14.3,42.1,1013,5,15,887,3.2,9,10,Clear,clear-day,remote
"36.0831, 115.1482",2024-03-30T13:00:00,74.7,74.7,26.5,16.65,0,0,,0,0,14.1,12.8,42.7,1012,17.5,15,915,3.3,9,10,Clear,clear-day,remote
"36.0831, 115.1482",2024-03-30T14:00:00,75.3,75.3,27,16.72,0,0,,0,0,11.4,11.4,44.3,1012,5,15,876,3.2,9,10,Clear,clear-day,remote
"36.0831, 115.1482",2024-03-30T15:00:00,75.5,75.5,26.9,16.49,0,0,,0,0,9.2,9.8,47.8,1011,5,15,769,2.8,8,10,Clear,clear-day,remote
"36.0831, 115.1482",2024-03-30T16:00:00,75.5,75.5,26.7,16.37,0,0,,0,0,7.8,8.5,59,1011,0,15,605,2.2,6,10,Clear,clear-day,remote
"36.0831, 115.1482",2024-03-30T17:00:00,74.2,74.2,30.1,19.64,0,0,,0,0,8.9,7.4,68.9,1011,0,15,401,1.4,4,10,Clear,clear-day,remote
"36.0831, 115.1482",2024-03-30T18:00:00,69.2,69.2,32.6,25.8,0,0,,0,0,5.8,5.8,75.8,1011,0,15,182,0.7,2,10,Clear,clear-day,remote
"36.0831, 115.1482",2024-03-30T19:00:00,65.2,65.2,27,23.57,0,0,,0,0,6,5.8,93.3,1011,0,15,0,0,0,10,Clear,clear-night,remote
"36.0831, 115.1482",2024-03-30T20:00:00,63.6,63.6,25.6,23.5,0,0,,0,0,7.2,7.2,110.9,1011,0,15,0,0,0,10,Clear,clear-night,remote
"36.0831, 115.1482",2024-03-30T21:00:00,61.4,61.4,25.1,24.79,0,0,,0,0,11.6,7.8,111.3,1011,0,15,0,0,0,10,Clear,clear-night,remote
"36.0831, 115.1482",2024-03-30T22:00:00,60.2,60.2,25.2,26.12,0,0,,0,0,8.1,6.9,107.6,1011,11.9,15,0,0,0,10,Clear,clear-night,remote
"36.0831, 115.1482",2024-03-30T23:00:00,59.1,59.1,25.8,27.76,0,0,,0,0,8.1,6.7,126.8,1011,91.6,15,0,0,0,10,Overcast,cloudy,remote
"36.0831, 115.1482",2024-03-31T00:00:00,57.6,57.6,24.9,28.16,0,0,,0,0,22.4,8.1,121.6,1011,100,15,0,0,0,10,Overcast,cloudy,remote
"36.0831, 115.1482",2024-03-31T01:00:00,56.4,56.4,31.9,39.28,0,0,,0,0,32.9,10.1,150.5,1011,30.9,15,0,0,0,10,Partially cloudy,partly-cloudy-night,remote
"36.0831, 115.1482",2024-03-31T02:00:00,59.3,59.3,42.5,53.8,0,0,,0,0,35.3,14.5,165.4,1011,0,15,0,0,0,10,Clear,clear-night,remote
"36.0831, 115.1482",2024-03-31T03:00:00,58.4,58.4,34.4,40.47,0,0,,0,0,33.3,13.6,163.7,1011,0,15,0,0,0,10,Clear,clear-night,remote
"36.0831, 115.1482",2024-03-31T04:00:00,55.5,55.5,32.1,40.88,0,0,,0,0,34,13.4,170.6,1011,0,15,0,0,0,10,Clear,clear-night,remote
"36.0831, 115.1482",2024-03-31T05:00:00,53.7,53.7,30.6,41.18,0,0,,0,0,30.9,11.9,168.6,1010,0,15,0,0,0,10,Clear,clear-night,remote
"36.0831, 115.1482",2024-03-31T06:00:00,52.8,52.8,30.3,41.95,0,0,,0,0,30.4,12.5,169.4,1011,0,15,0,0,0,10,Clear,clear-night,remote
"36.0831, 115.1482",2024-03-31T07:00:00,52.6,52.6,31.9,45.09,0,0,,0,0,27.3,11.4,168.6,1011,0,15,39,0.1,0,10,Clear,clear-day,remote
"36.0831, 115.1482",2024-03-31T08:00:00,56.7,56.7,33.3,41.09,0,0,,0,0,25.7,13.6,176.1,1011,0,15,228,0.8,2,10,Clear,clear-day,remote
"36.0831, 115.1482",2024-03-31T09:00:00,61.6,61.6,35.5,37.64,0,0,,0,0,21.5,14.3,188.2,1012,0,15,443,1.6,4,10,Clear,clear-day,remote
"36.0831, 115.1482",2024-03-31T10:00:00,66.3,66.3,38.9,36.56,0,0,,0,0,18.6,13.2,198.2,1011,0,15,635,2.3,6,10,Clear,clear-day,remote
"36.0831, 115.1482",2024-03-31T11:00:00,70.8,70.8,42.5,36.01,0,0,,0,0,18.8,14.5,203.9,1010,0,15,783,2.8,8,10,Clear,clear-day,remote
"36.0831, 115.1482",2024-03-31T12:00:00,74.6,74.6,44.9,34.67,0,0,,0,0,15.9,13.2,212.5,1010,0,15,874,3.1,9,10,Clear,clear-day,remote
"36.0831, 115.1482",2024-03-31T13:00:00,77.6,77.6,45.9,32.63,0,0,,0,0,15,13,213.1,1009,0,15,897,3.2,9,10,Clear,clear-day,remote
"36.0831, 115.1482",2024-03-31T14:00:00,79.6,79.6,45.2,29.75,0,0,,0,0,13.9,12.5,211.1,1008,0,15,856,3.1,9,10,Clear,clear-day,remote
"36.0831, 115.1482",2024-03-31T15:00:00,80.5,79.4,45,28.69,0,0,,0,0,13.9,12.3,208.2,1007,0,15,751,2.7,8,10,Clear,clear-day,remote
"36.0831, 115.1482",2024-03-31T16:00:00,80.5,79.4,44.7,28.3,0,0,,0,0,14.1,12.3,210,1007,0,15,593,2.1,6,10,Clear,clear-day,remote
"36.0831, 115.1482",2024-03-31T17:00:00,79.1,79.1,46.7,31.97,0,0,,0,0,14.8,10.7,206.7,1007,0,15,394,1.4,4,10,Clear,clear-day,remote
"36.0831, 115.1482",2024-03-31T18:00:00,73.7,73.7,48.6,41.21,0,0,,0,0,15.7,8.3,189.5,1007,0,15,179,0.6,2,10,Clear,clear-day,remote
"36.0831, 115.1482",2024-03-31T19:00:00,68.8,68.8,47.7,46.98,0,0,,0,0,17.2,9.4,178.3,1007,0,15,0,0,0,10,Clear,clear-night,remote
"36.0831, 115.1482",2024-03-31T20:00:00,66.5,66.5,48.3,51.97,0,0,,0,0,23,9.8,179.3,1008,0,15,0,0,0,10,Clear,clear-night,remote
"36.0831, 115.1482",2024-03-31T21:00:00,65,65,49.4,56.88,0,0,,0,0,26.4,10.5,181.4,1008,0,15,0,0,0,10,Clear,clear-night,remote
"36.0831, 115.1482",2024-03-31T22:00:00,64.3,64.3,50.6,61.12,0,0,,0,0,27.7,11.2,180.5,1009,0,15,0,0,0,10,Clear,clear-night,remote
"36.0831, 115.1482",2024-03-31T23:00:00,63.9,63.9,51.9,64.85,0,0,,0,0,30.2,12.1,184.6,1009,0,15,0,0,0,10,Clear,clear-night,remote
"36.0831, 115.1482",2024-04-01T00:00:00,63.1,63.1,53.5,71.03,0,0,,0,0,30.4,12.1,182.8,1009,0,15,0,0,0,10,Clear,clear-night,remote
"36.0831, 115.1482",2024-04-01T01:00:00,61.6,61.6,54.8,78.24,0,0,,0,0,28.6,10.7,177.5,1009,1,15,0,0,0,10,Clear,clear-night,remote
"36.0831, 115.1482",2024-04-01T02:00:00,60,60,55.3,84.51,0,0,,0,0,26.8,9.6,177.7,1008,0,15,0,0,0,10,Clear,clear-night,remote
"36.0831, 115.1482",2024-04-01T03:00:00,59.3,59.3,56.2,89.59,0,0,,0,0,26.8,10.3,171.6,1008,0,15,0,0,0,10,Clear,clear-night,remote
"36.0831, 115.1482",2024-04-01T04:00:00,58.9,58.9,56.6,91.93,0,0,,0,0,29.1,11.2,173.9,1008,0,15,0,0,0,10,Clear,clear-night,remote
"36.0831, 115.1482",2024-04-01T05:00:00,58.6,58.6,56.7,93.73,0,0,,0,0,26.8,10.3,164.6,1008,0,15,0,0,0,10,Clear,clear-night,remote
"36.0831, 115.1482",2024-04-01T06:00:00,58,58,56.4,94.33,0,0,,0,0,26.4,9.8,171.7,1009,61.6,15,0,0,0,10,Partially cloudy,partly-cloudy-night,remote
"36.0831, 115.1482",2024-04-01T07:00:00,59.6,59.6,56.9,90.77,0,0,,0,0,27.7,10.1,170.5,1009,2.2,15,39,0.1,0,10,Clear,clear-day,remote
"36.0831, 115.1482",2024-04-01T08:00:00,64.7,64.7,58.6,80.55,0,0,,0,0,20.4,10.5,176.7,1010,3.8,15,220,0.8,2,10,Clear,clear-day,remote
"36.0831, 115.1482",2024-04-01T09:00:00,69.9,69.9,59.6,69.92,0,0,,0,0,12.8,8.3,181.2,1010,4.1,15,428,1.5,4,10,Clear,clear-day,remote
"36.0831, 115.1482",2024-04-01T10:00:00,73.7,73.7,60.2,62.72,0,0,,0,0,9.6,6.9,187.8,1009,14.3,15,614,2.2,6,10,Clear,clear-day,remote
"36.0831, 115.1482",2024-04-01T11:00:00,76.9,76.9,60.5,57.02,0,0,,0,0,9.8,7.4,198.2,1009,41,15,756,2.7,8,10,Partially cloudy,partly-cloudy-day,remote
"36.0831, 115.1482",2024-04-01T12:00:00,79.6,79.6,60,51.17,0,0,,0,0,10.3,7.2,203,1008,22.1,15,799,2.9,8,10,Partially cloudy,partly-cloudy-day,remote
"36.0831, 115.1482",2024-04-01T13:00:00,81.9,82.2,59.3,46.21,0,0,,0,0,12.5,7.6,210,1007,88.2,15,858,3.1,9,10,Partially cloudy,partly-cloudy-day,remote
"36.0831, 115.1482",2024-04-01T14:00:00,82.3,82.3,58.4,44.23,0,0,,0,0,12.3,5.4,228.3,1007,100,15,779,2.8,8,10,Overcast,cloudy,remote
"36.0831, 115.1482",2024-04-01T15:00:00,82.3,82.1,57.5,42.82,0,0,,0,0,12.1,4.5,221.4,1006,100,15,649,2.3,6,10,Overcast,cloudy,remote
"36.0831, 115.1482",2024-04-01T16:00:00,81.2,81.1,56.2,42.38,0,0,,0,0,9.2,3.6,236,1005,100,15,496,1.8,5,10,Overcast,cloudy,remote
"36.0831, 115.1482",2024-04-01T17:00:00,77.4,77.4,58.6,52.19,0,0,,0,0,6,4.7,332.9,1005,100,15,187,0.7,2,10,Overcast,cloudy,remote
"36.0831, 115.1482",2024-04-01T18:00:00,73.7,73.7,59.4,61.13,0,0,,0,0,12.1,8.5,359.9,1006,100,15,22,0.1,0,10,Overcast,cloudy,remote
"36.0831, 115.1482",2024-04-01T19:00:00,71.7,71.7,57.3,60.48,0,0,,0,0,15.4,9.6,12.2,1006,100,15,0,0,0,10,Overcast,cloudy,remote
"36.0831, 115.1482",2024-04-01T20:00:00,69.3,69.3,54.9,60.18,0,0,,0,0,15.9,8.5,3.7,1007,100,15,0,0,0,10,Overcast,cloudy,remote
"36.0831, 115.1482",2024-04-01T21:00:00,68.8,68.8,54.2,59.71,0,0,,0,0,13.4,7.6,2,1007,100,15,0,0,0,10,Overcast,cloudy,remote
"36.0831, 115.1482",2024-04-01T22:00:00,65.7,65.7,53.3,64.21,0,0,,0,0,16.6,11.2,4.2,1007,100,15,0,0,0,10,Overcast,cloudy,remote
"36.0831, 115.1482",2024-04-01T23:00:00,62,62,47.2,58.4,0,0,,0,0,20.1,13.4,8.9,1007,100,15,0,0,0,10,Overcast,cloudy,remote
"36.0831, 115.1482",2024-04-02T00:00:00,60.2,60.2,42.9,52.83,0,0,,0,0,18.1,11.4,15,1008,100,15,0,0,0,10,Overcast,cloudy,remote
"36.0831, 115.1482",2024-04-02T01:00:00,58.6,58.6,40.7,51.5,0,0,,0,0,19.9,12.8,15.9,1007,100,15,0,0,0,10,Overcast,cloudy,remote
"36.0831, 115.1482",2024-04-02T02:00:00,55.5,55.5,36.9,49.61,0,0,,0,0,22.4,12.5,8.1,1007,100,15,0,0,0,10,Overcast,cloudy,remote
"36.0831, 115.1482",2024-04-02T03:00:00,54.6,54.6,36.6,50.54,0,0,,0,0,18.3,10.5,354.3,1008,100,15,0,0,0,10,Overcast,cloudy,remote
"36.0831, 115.1482",2024-04-02T04:00:00,52.8,52.8,35.3,51.35,0,0,,0,0,20.4,12.3,356.7,1008,100,15,0,0,0,10,Overcast,cloudy,remote
"36.0831, 115.1482",2024-04-02T05:00:00,51.5,51.5,33.5,50.07,0,0,,0,0,22.8,13,5.9,1008,100,15,0,0,0,10,Overcast,cloudy,remote
"36.0831, 115.1482",2024-04-02T06:00:00,50.1,50.1,33.3,52.43,0,0,,0,0,23.5,12.1,0.8,1009,100,15,0,0,0,10,Overcast,cloudy,remote
"36.0831, 115.1482",2024-04-02T07:00:00,50.4,50.4,33.7,52.49,0,0,,0,0,26.6,14.8,359.4,1010,100,15,34,0.1,0,10,Overcast,cloudy,remote
"36.0831, 115.1482",2024-04-02T08:00:00,51.7,51.7,32.6,47.97,0,0,,0,0,25.1,16.8,6.5,1009,99.7,15,191,0.7,2,10,Overcast,cloudy,remote
"36.0831, 115.1482",2024-04-02T09:00:00,54.4,54.4,33.5,45.05,0,0,,0,0,26.8,19.5,5.3,1009,100,15,336,1.2,3,10,Overcast,cloudy,remote
"36.0831, 115.1482",2024-04-02T10:00:00,57.8,57.8,34.1,40.67,0,0,,0,0,21.5,16.1,9.3,1010,100,15,507,1.8,5,10,Overcast,cloudy,remote
"36.0831, 115.1482",2024-04-02T11:00:00,60.9,60.9,35.7,38.89,0,0,,0,0,21.5,17.2,8.5,1009,100,15,573,2.1,6,10,Overcast,cloudy,remote
"36.0831, 115.1482",2024-04-02T12:00:00,64.3,64.3,38.2,38.08,0,0,,0,0,23.7,19.2,8.9,1008,100,15,723,2.6,7,10,Overcast,cloudy,remote
"36.0831, 115.1482",2024-04-02T13:00:00,67.2,67.2,40.4,37.48,0,0,,0,0,21.9,18.6,12.6,1007,100,15,803,2.9,8,10,Overcast,cloudy,remote
"36.0831, 115.1482",2024-04-02T14:00:00,67.4,67.4,41.3,38.57,0,0,,0,0,20.8,17.2,14.9,1007,100,15,724,2.6,7,10,Overcast,cloudy,remote
"36.0831, 115.1482",2024-04-02T15:00:00,67.9,67.9,42.7,40.02,0,0,,0,0,20.4,16.6,18.9,1007,100,15,414,1.5,4,10,Overcast,cloudy,remote
"36.0831, 115.1482",2024-04-02T16:00:00,68.1,68.1,44.9,43.19,0,0,,0,0,20.1,14.8,16.3,1006,100,15,276,1,3,10,Overcast,cloudy,remote
"36.0831, 115.1482",2024-04-02T17:00:00,67.4,67.4,45.9,46.13,0,0,,0,0,20.1,15,21,1007,100,15,263,0.9,3,10,Overcast,cloudy,remote
"36.0831, 115.1482",2024-04-02T18:00:00,64.7,64.7,45.2,49.29,0,0,,0,0,23,14.5,13.4,1007,100,15,101,0.4,1,10,Overcast,cloudy,remote
"36.0831, 115.1482",2024-04-02T19:00:00,62.9,62.9,42.9,48.02,0,0,,0,0,25.1,15.7,9.1,1008,100,15,0,0,0,10,Overcast,cloudy,remote
"36.0831, 115.1482",2024-04-02T20:00:00,60,60,40.5,48.58,0,0,,0,0,25.7,16.3,7,1009,100,15,0,0,0,10,Overcast,cloudy,remote
"36.0831, 115.1482",2024-04-02T21:00:00,57.6,57.6,38.6,48.9,0,0,,0,0,24.4,15.2,7.9,1010,100,15,0,0,0,10,Overcast,cloudy,remote
"36.0831, 115.1482",2024-04-02T22:00:00,55.3,55.3,36,48.19,0,0,,0,0,25.1,15.4,8.8,1010,97.9,15,0,0,0,10,Overcast,cloudy,remote
"36.0831, 115.1482",2024-04-02T23:00:00,53.1,53.1,33.7,47.51,0,0,,0,0,24.2,14.3,5.4,1010,100,15,0,0,0,10,Overcast,cloudy,remote
"36.0831, 115.1482",2024-04-03T00:00:00,51.7,51.7,31.4,45.6,0,0,,0,0,25.3,14.8,1.8,1010,100,15,0,0,0,10,Overcast,cloudy,remote
"36.0831, 115.1482",2024-04-03T01:00:00,51.2,51.2,29.2,42.61,0,0,,0,0,26.6,15.2,356.1,1011,100,15,0,0,0,10,Overcast,cloudy,remote
"36.0831, 115.1482",2024-04-03T02:00:00,51.2,51.2,28.7,41.68,0,0,,0,0,29.8,16.6,0.9,1011,100,15,0,0,0,10,Overcast,cloudy,remote
"36.0831, 115.1482",2024-04-03T03:00:00,51,51,28.8,42.27,0,0,,0,0,30.4,16.3,1.9,1012,100,15,0,0,0,10,Overcast,cloudy,remote
"36.0831, 115.1482",2024-04-03T04:00:00,51.2,51.2,30.6,45.18,0,0,,0,0,29.3,16.8,352.4,1013,99.9,15,0,0,0,10,Overcast,cloudy,remote
"36.0831, 115.1482",2024-04-03T05:00:00,50.3,50.3,34.2,53.99,0,0,,0,0,30.9,17.4,359.6,1014,100,15,0,0,0,10,Overcast,cloudy,remote
"36.0831, 115.1482",2024-04-03T06:00:00,51.5,51.5,35.1,53.41,0,0,,0,0,29.5,17.2,6.2,1014,100,15,0,0,0,10,Overcast,cloudy,remote
"36.0831, 115.1482",2024-04-03T07:00:00,51.7,51.7,35.5,53.82,0,0,,0,0,29.8,18.1,6.2,1015,100,15,7,0,0,10,Overcast,cloudy,remote
"36.0831, 115.1482",2024-04-03T08:00:00,51.9,51.9,36.6,55.8,0,0,,0,0,29.5,18.1,15.5,1016,100,15,23,0.1,0,10,Overcast,cloudy,remote
"36.0831, 115.1482",2024-04-03T09:00:00,51,51,37.3,59.34,0,0,,0,0,32.9,19.9,25.8,1016,100,15,31,0.1,0,10,Overcast,cloudy,remote
"36.0831, 115.1482",2024-04-03T10:00:00,52.4,52.4,35.3,52.04,0,0,,0,0,31.3,17.9,19,1016,100,15,46,0.2,0,10,Overcast,cloudy,remote
"36.0831, 115.1482",2024-04-03T11:00:00,53.1,53.1,32.3,44.85,0,0,,0,0,28.2,17,18.7,1017,100,15,35,0.1,0,10,Overcast,cloudy,remote
"36.0831, 115.1482",2024-04-03T12:00:00,53,53,29,39.59,0.004,100,rain,0,0,26.8,17,19.8,1017,100,15,35,0.1,0,10,"Rain, Overcast",rain,remote
"36.0831, 115.1482",2024-04-03T13:00:00,52.2,52.2,26.5,36.65,0,0,,0,0,25.1,16.1,23.5,1018,100,15,52,0.2,1,10,Overcast,cloudy,remote
"36.0831, 115.1482",2024-04-03T14:00:00,50.4,50.4,26.3,38.88,0,0,,0,0,22.1,13.4,13.3,1018,100,15,40,0.1,0,10,Overcast,cloudy,remote
"36.0831, 115.1482",2024-04-03T15:00:00,48.5,43.2,29,46.77,0,0,rain,0,0,22.1,13,4.9,1019,100,14.7,37,0.1,0,10,Overcast,cloudy,remote
"36.0831, 115.1482",2024-04-03T16:00:00,45.8,39.7,32.6,59.9,0.028,100,rain,0,0,25.7,13.4,12.6,1018,100,10.7,20,0.1,0,10,"Rain, Overcast",rain,remote
"36.0831, 115.1482",2024-04-03T17:00:00,44.5,38.6,34.2,67.04,0.012,100,rain,0,0,22.8,11.6,3,1019,100,15,20,0.1,0,10,"Rain, Overcast",rain,remote
"36.0831, 115.1482",2024-04-03T18:00:00,43.8,38.1,35.5,72.45,0.004,100,rain,0,0,18.8,10.5,346.4,1020,100,15,8,0,0,10,"Rain, Overcast",rain,remote
"36.0831, 115.1482",2024-04-03T19:00:00,43.2,37.6,36.2,76.1,0.016,100,rain,0,0,16.8,10.1,344.9,1020,100,14.9,0,0,0,10,"Rain, Overcast",rain,remote
"36.0831, 115.1482",2024-04-03T20:00:00,43.6,38.9,37.3,78.33,0.012,100,rain,0,0,15.7,8.3,347.7,1021,100,9.4,0,0,0,10,"Rain, Overcast",rain,remote
"36.0831, 115.1482",2024-04-03T21:00:00,44,40.5,38,79.47,0,0,rain,0,0,14.8,6,356.2,1021,100,12.6,0,0,0,10,Overcast,cloudy,remote
"36.0831, 115.1482",2024-04-03T22:00:00,44.7,42.4,38.9,80.09,0.012,100,rain,0,0,11.9,4.5,340.7,1021,100,15,0,0,0,10,"Rain, Overcast",rain,remote
"36.0831, 115.1482",2024-04-03T23:00:00,45.2,45.2,39.8,81.26,0.004,100,rain,0,0,9.2,2.9,357.8,1020,100,15,0,0,0,10,"Rain, Overcast",rain,remote
